,day,start_time,end_time,behaviour,focal,partner,partner_avoid...Y.N.,avoid_success...Y.N.,male_abort...Y.N.,Notes,patch_focal,treatment,patch_partner,partner_sex,,,,,
77,1,8:45:51 AM,,insemination,0,4,n,NA,n,,L,isolated,Q,female,,,,,
84,1,8:50:13 AM,,insemination,0,1,y,n,n,,L,isolated,N,female,,,,Social,Isolated
93,1,9:06:01 AM,,insemination,0,8,n,NA,n,,L,isolated,U,female,,,Mount,141,267
81,1,8:48:48 AM,,mount,0,1,y,y,NA,,L,isolated,N,female,,,Insemination,18,34
83,1,8:49:53 AM,,mount,0,1,y,y,NA,,L,isolated,N,female,,,Male-male mounts,44,95
89,1,8:53:50 AM,,mount,0,unknown female,y,y,NA,,L,isolated,NA,female,,,Prop of mounts directed at males,0.312056738,0.355805243
95,1,9:08:55 AM,,mount,0,9,n,NA,y,,L,isolated,V,female,,,Prop of mounts leading to insemination,0.127659574,0.127340824
98,1,9:14:01 AM,,mount,0,1,y,y,NA,,L,isolated,N,female,,,,,
100,1,9:16:55 AM,,mount,0,8,y,y,NA,,L,isolated,U,female,,,,,
107,1,9:21:44 AM,,mount,0,7,y,y,NA,,L,isolated,T,female,,,,,
108,1,9:23:12 AM,,mount,0,7,y,y,NA,,L,isolated,T,female,,,,,
148,1,10:45:03 AM,,mount,0,4,y,y,NA,,L,isolated,Q,female,,,,,
150,1,10:45:44 AM,,mount,0,9,y,n,y,,L,isolated,V,female,,,,,
152,1,10:47:10 AM,,mount,0,9,n,NA,y,,L,isolated,V,female,,,,,
156,1,10:50:54 AM,,mount,0,0,n,,y,,L,isolated,M,female,,,,,
164,1,11:14:17 AM,,mount,0,0:00,y,y,NA,,L,isolated,W,female,,,,,
166,1,11:17:19 AM,,mount,0,0:00,y,y,NA,,L,isolated,W,female,,,,,
168,1,11:19:40 AM,,mount,0,7,n,NA,y,,L,isolated,T,female,,,,,
174,1,11:26:45 AM,,mount,0,0,n,NA,y,,L,isolated,M,female,,,,,
175,1,11:27:12 AM,,mount,0,0:00,n,NA,y,,L,isolated,W,female,,,,,
225,1,1:09:57 PM,,mount,0,4,y,y,NA,,L,isolated,Q,female,,,,,
154,1,10:49:54 AM,,mount,0,0.6,,,,,L,isolated,I,male,,,,,
222,1,12:51:48 PM,,mount,0,0.7,,,,,L,isolated,F,male,,,,,
249,1,2:22:47 PM,,mount,0,0.5,,,,,L,isolated,D,male,,,,,
252,1,2:24:34 PM,,mount,0,0.8,,,,,L,isolated,A,male,,,,,
254,1,2:25:39 PM,,mount,0,0.8,,,,,L,isolated,A,male,,,,,
255,1,2:26:29 PM,,mount,0,0.8,,,,,L,isolated,A,male,,,,,
304,2,11:22:00 AM,,mount,0,0.6,,,,,L,isolated,I,male,,,,,
362,2,1:35:24 PM,,insemination,0,3,n,NA,,,L,isolated,P,female,,,,,
345,2,1:23:09 PM,,mount,0,1:00,y,y,NA,,L,isolated,X,female,,,,,
356,2,1:31:38 PM,,mount,0,6,n,NA,y,,L,isolated,S,female,,,,,
368,2,1:39:47 PM,,mount,0,6,n,NA,y,,L,isolated,S,female,,,,,
369,2,1:40:07 PM,,mount,0,6,n,NA,y,,L,isolated,S,female,,,,,
371,2,1:45:23 PM,,mount,0,6,n,NA,y,,L,isolated,S,female,,,,,
400,2,2:42:53 PM,,mount,0,7,n,NA,y,,L,isolated,T,female,,,,,
401,2,2:46:06 PM,,mount,0,9,n,NA,y,,L,isolated,V,female,,,,,
405,2,2:51:33 PM,,mount,0,6,n,NA,y,,L,isolated,S,female,,,,,
319,2,12:21:16 PM,,mount,0,0.5,,,,,L,isolated,D,male,,,,,
329,2,12:48:43 PM,,mount,0,0.5,,,,,L,isolated,D,male,,,,,
366,2,1:38:52 PM,,mount,0,6:00,n,NA,y,,L,isolated,B,male,,,,,
388,2,2:25:55 PM,,mount,0,0.1,,,,,L,isolated,J,male,,,,,
392,2,2:29:19 PM,,mount,0,0.1,,,,,L,isolated,J,male,,,,,
402,2,2:48:21 PM,,mount,0,0.9,,,,,L,isolated,E,male,,,,,
16,1,8:05:58 AM,,insemination,0.1,9,n,NA,n,,J,social,V,female,,,,,
55,1,8:28:50 AM,,insemination,0.1,7,n,NA,n,,J,social,T,female,,,,,
267,1,2:42:40 PM,,insemination,0.1,8,n,NA,n,,J,social,U,female,,,,,
277,1,3:45:06 PM,,insemination,0.1,8,n,NA,n,,J,social,U,female,,,,,
23,1,8:10:28 AM,,mount,0.1,0,y,y,NA,,J,social,M,female,,,,,
28,1,8:12:00 AM,,mount,0.1,0,n,NA,y,,J,social,M,female,,,,,
85,1,8:50:45 AM,,mount,0.1,7,y,y,NA,,J,social,T,female,,,,,
102,1,9:18:32 AM,,mount,0.1,0:00,y,y,NA,,J,social,W,female,,,,,
177,1,11:28:02 AM,,mount,0.1,0:00,n,NA,y,,J,social,W,female,,,,,
190,1,11:42:59 AM,,mount,0.1,6,n,NA,y,,J,social,S,female,,,,,
260,1,2:32:09 PM,,mount,0.1,0,n,NA,y,,J,social,M,female,,,,,
261,1,2:33:20 PM,,mount,0.1,7,y,y,NA,,J,social,T,female,,,,,
265,1,2:39:30 PM,,mount,0.1,3,y,y,NA,,J,social,P,female,,,,,
266,1,2:41:59 PM,,mount,0.1,8,y,n,y,,J,social,U,female,,,,,
90,1,9:01:29 AM,,mount,0.1,0.3,,,,,J,social,H,male,,,,,
105,1,9:20:38 AM,,mount,0.1,0.3,,,,,J,social,H,male,,,,,
183,1,11:34:48 AM,,mount,0.1,0.6,,,,,J,social,I,male,,,,,
198,1,11:56:40 AM,,mount,0.1,:6,,,,,J,social,B,male,,,,,
326,2,12:43:35 PM,,mount,0.1,9,y,y,NA,,J,social,V,female,,,,,
389,2,2:26:24 PM,,mount,0.1,0,,,,,J,social,L,male,,,,,
398,2,2:37:00 PM,,mount,0.1,0,,,,,J,social,L,male,,,,,
9,1,8:01:40 AM,,insemination,0.3,5,n,NA,n,,H,social,R,female,,,,,
178,1,11:28:25 AM,11:29:56 AM,insemination,0.3,1:00,y,n,n,,H,social,X,female,,,,,
33,1,8:15:05 AM,,mount,0.3,6,n,NA,y,,H,social,S,female,,,,,
61,1,8:33:19 AM,,mount,0.3,4,y,y,NA,weird delayed resistance,H,social,Q,female,,,,,
94,1,9:07:31 AM,,mount,0.3,0:00,y,y,NA,,H,social,W,female,,,,,
96,1,9:10:17 AM,,mount,0.3,0,n,NA,y,,H,social,M,female,,,,,
110,1,9:23:48 AM,,mount,0.3,7,y,y,NA,,H,social,T,female,,,,,
111,1,9:24:57 AM,,mount,0.3,1,y,y,NA,,H,social,N,female,,,,,
114,1,9:27:02 AM,,mount,0.3,9,y,y,NA,,H,social,V,female,,,,,
115,1,9:27:52 AM,,mount,0.3,1,n,NA,y,,H,social,N,female,,,,,
116,1,9:29:07 AM,,mount,0.3,4,y,n,y,,H,social,Q,female,,,,,
120,1,9:37:44 AM,,mount,0.3,9,y,n,y,,H,social,V,female,,,,,
124,1,10:02:00 AM,,mount,0.3,0:00,n,NA,y,,H,social,W,female,,,,,
131,1,10:18:35 AM,,mount,0.3,0,n,NA,y,,H,social,M,female,,,,,
153,1,10:49:26 AM,,mount,0.3,7,y,y,NA,,H,social,T,female,,,,,
162,1,11:08:26 AM,,mount,0.3,5,y,y,NA,,H,social,R,female,,,,,
182,1,11:33:18 AM,,mount,0.3,6,y,y,NA,,H,social,S,female,,,,,
184,1,11:36:33 AM,,mount,0.3,7,y,y,NA,,H,social,T,female,,,,,
112,1,9:25:29 AM,,mount,0.3,0.2,,,,,H,social,G,male,,,,,
113,1,9:25:47 AM,,mount,0.3,:1,,,,,H,social,K,male,,,,,
129,1,10:15:30 AM,,mount,0.3,0.7,,,,,H,social,F,male,,,,,
240,1,1:49:58 PM,,mount,0.3,0.2,,,,,H,social,G,male,,,,,
286,2,9:50:12 AM,,mount,0.3,7,n,NA,y,,H,social,T,female,,,,,
289,2,10:24:05 AM,,mount,0.3,7,n,NA,y,,H,social,T,female,,,,,
311,2,11:42:44 AM,,mount,0.3,7,n,NA,y,,H,social,T,female,,,,,
285,2,9:49:56 AM,,mount,0.3,:1,,,,,H,social,K,male,,,,,
306,2,11:37:31 AM,,mount,0.3,:1,,,,,H,social,K,male,,,,,
307,2,11:37:55 AM,,mount,0.3,0.2,,,,,H,social,G,male,,,,,
310,2,11:42:32 AM,,mount,0.3,0.8,,,,,H,social,A,male,,,,,
323,2,12:25:45 PM,,mount,0.3,3,y,y,NA,,H,social,P,female,,,,,
373,2,1:47:49 PM,,mount,0.3,0:00,n,NA,y,,H,social,W,female,,,,,
374,2,1:48:41 PM,,mount,0.3,0:00,n,NA,y,,H,social,W,female,,,,,
312,2,11:44:30 AM,,mount,0.3,0.2,,,,,H,social,G,male,,,,,
350,2,1:28:03 PM,,mount,0.3,0.2,,,,,H,social,G,male,,,,,
376,2,1:52:39 PM,,mount,0.3,0.2,,,,,H,social,G,male,,,,,
408,2,3:34:18 PM,,mount,0.3,0.2,,,,,H,social,G,male,,,,,
5,1,8:00:00 AM,8:02:50 AM,insemination,0.5,0,n,NA,n,,D,social,M,female,,,,,
63,1,8:35:55 AM,,mount,0.5,3,y,y,NA,,D,social,P,female,,,,,
69,1,8:38:03 AM,,mount,0.5,3,y,n,y,,D,social,P,female,,,,,
275,1,3:28:05 PM,,mount,0.5,4,n,NA,y,,D,social,Q,female,,,,,
14,1,8:04:50 AM,,mount,0.5,0.6,,,,,D,social,I,male,,,,,
41,1,8:21:05 AM,,mount,0.5,0.8,,,,,D,social,A,male,,,,,
106,1,9:21:10 AM,,mount,0.5,0.8,,,,,D,social,A,male,,,,,
202,1,12:12:38 PM,,mount,0.5,0.6,,,,,D,social,I,male,,,,,
226,1,1:16:23 PM,,mount,0.5,0,,,,,D,social,L,male,,,,,
268,1,2:50:53 PM,,mount,0.5,0,,,,,D,social,L,male,,,,,
297,2,10:46:59 AM,,insemination,0.5,8,y,n,n,,D,social,U,female,,,,,
282,2,9:35:54 AM,,mount,0.5,0,n,NA,y,was small and in a large aggregation,D,social,M,female,,,,,
287,2,10:13:43 AM,,mount,0.5,8,n,NA,y,,D,social,U,female,,,,,
288,2,10:17:01 AM,,mount,0.5,0,n,NA,y,,D,social,M,female,,,,,
291,2,10:31:09 AM,,mount,0.5,6,n,NA,y,,D,social,S,female,,,,,
295,2,10:46:13 AM,,mount,0.5,8,y,n,y,,D,social,U,female,,,,,
296,2,10:46:27 AM,,mount,0.5,8,y,y,NA,,D,social,U,female,,,,,
353,2,1:29:57 PM,,mount,0.5,2,n,NA,y,,D,social,O,female,,,,,
359,2,1:33:13 PM,,mount,0.5,8,n,NA,y,,D,social,U,female,,,,,
361,2,1:34:21 PM,,mount,0.5,0:00,n,NA,y,,D,social,W,female,,,,,
364,2,1:36:11 PM,,mount,0.5,1:00,n,NA,y,,D,social,X,female,,,,,
365,2,1:37:33 PM,,mount,0.5,8,n,NA,y,,D,social,U,female,,,,,
396,2,2:35:08 PM,,mount,0.5,0:00,n,NA,y,,D,social,W,female,,,,,
403,2,2:49:00 PM,,mount,0.5,"6,",n,NA,y,,D,social,S,female,,,,,
404,2,2:50:53 PM,,mount,0.5,7,n,NA,y,,D,social,T,female,,,,,
407,2,3:30:03 PM,,mount,0.5,7,n,NA,y,,D,social,T,female,,,,,
330,2,12:53:52 PM,,mount,5,0,n,NA,y,,D,social,M,female,,,,,
290,2,10:31:02 AM,,mount,0.5,0.8,,,,,D,social,A,male,,,,,
293,2,10:33:37 AM,,mount,0.5,0.6,,,,,D,social,I,male,,,,,
301,2,11:00:46 AM,,mount,0.5,0.7,,,,,D,social,F,male,,,,,
320,2,12:23:01 PM,,mount,0.5,0,,,,,D,social,L,male,,,,,
327,2,12:48:23 PM,,mount,0.5,0.6,,,,,D,social,I,male,,,,,
328,2,12:48:36 PM,,mount,0.5,0,,,,,D,social,L,male,,,,,
343,2,1:19:10 PM,,mount,0.5,0.5,,,,,D,social,D,male,,,,,
347,2,1:25:46 PM,,mount,0.5,0.7,,,,,D,social,F,male,,,,,
62,1,8:34:31 AM,,insemination,0.6,4,n,NA,n,,I,isolated,Q,female,,,,,
133,1,10:20:58 AM,10:21:55 AM,insemination,0.6,0:00,n,NA,n,,I,isolated,W,female,,,,,
165,1,11:15:05 AM,,insemination,0.6,9,n,NA,n,,I,isolated,V,female,,,,,
134,1,10:22:47 AM,,mount,0.6,0,n,NA,y,,I,isolated,M,female,,,,,
135,1,10:23:31 AM,,mount,0.6,0:00,n,NA,y,,I,isolated,W,female,,,,,
137,1,10:25:03 AM,,mount,0.6,0:00,y,n,y,,I,isolated,W,female,,,,,
138,1,10:25:19 AM,,mount,0.6,0:00,n,NA,y,,I,isolated,W,female,,,,,
140,1,10:29:25 AM,,mount,0.6,0:00,y,y,NA,,I,isolated,W,female,,,,,
141,1,10:29:43 AM,,mount,0.6,0;,y,n,y,,I,isolated,W,female,,,,,
142,1,10:33:15 AM,,mount,0.6,0:00,n,NA,y,,I,isolated,W,female,,,,,
144,1,10:35:26 AM,,mount,0.6,0,n,NA,n,,I,isolated,M,female,,,,,
147,1,10:41:31 AM,,mount,0.6,0,n,NA,y,,I,isolated,M,female,,,,,
157,1,10:52:11 AM,,mount,0.6,0,n,,y,,I,isolated,M,female,,,,,
181,1,11:31:24 AM,,mount,0.6,0:00,n,NA,y,,I,isolated,W,female,,,,,
188,1,11:39:41 AM,,mount,0.6,4,y,n,y,,I,isolated,Q,female,,,,,
13,1,8:04:51 AM,,mount,0.6,0.5,,,,,I,isolated,D,male,,,,,
19,1,8:07:02 AM,,mount,0.6,0.3,,,,,I,isolated,H,male,,,,,
21,1,8:07:56 AM,,mount,0.6,:6,,,,,I,isolated,B,male,,,,,
35,1,8:16:09 AM,,mount,0.6,0.3,,,,,I,isolated,H,male,,,,,
47,1,8:25:29 AM,,mount,0.6,0.3,,,,,I,isolated,H,male,,,,,
67,1,8:37:05 AM,,mount,0.6,0.3,,,,,I,isolated,H,male,,,,,
121,1,9:37:57 AM,,mount,0.6,:6,,,,,I,isolated,B,male,,,,,
139,1,10:25:48 AM,,mount,0.6,0.2,,,,,I,isolated,G,male,,,,,
145,1,10:37:02 AM,,mount,0.6,0.9,,,,,I,isolated,E,male,,,,,
151,1,10:46:09 AM,,mount,0.6,0.2,,,,,I,isolated,G,male,,,,,
155,1,10:50:22 AM,,mount,0.6,:0,,,,,I,isolated,C,male,,,,,
169,1,11:20:02 AM,,mount,0.6,0.9,,,,,I,isolated,E,male,,,,,
172,1,11:24:45 AM,,mount,0.6,0.1,,,,,I,isolated,J,male,,,,,
195,1,11:49:27 AM,,mount,0.6,0.1,,,,,I,isolated,J,male,,,,,
305,2,11:31:29 AM,,mount,0.6,0,y,n,y,,I,isolated,M,female,,,,,
292,2,10:31:40 AM,,mount,0.6,0.5,n,NA,y,,I,isolated,D,male,,,,,
298,2,10:47:38 AM,,mount,0.6,0.5,,,,,I,isolated,D,male,,,,,
303,2,11:21:22 AM,,mount,0.6,0.5,,,,,I,isolated,D,male,,,,,
322,2,12:24:40 PM,,mount,0.6,"6,",n,NA,y,,I,isolated,S,female,,,,,
334,2,1:11:54 PM,,mount,0.6,6,n,NA,y,,I,isolated,S,female,,,,,
342,2,1:19:09 PM,,mount,0.6,6,n,NA,y,,I,isolated,S,female,,,,,
357,2,1:32:22 PM,,mount,0.6,6,n,NA,y,,I,isolated,S,female,,,,,
384,2,2:23:17 PM,,mount,0.6,0,n,NA,y,,I,isolated,M,female,,,,,
318,2,12:19:00 PM,,mount,0.6,0.7,,,,,I,isolated,F,male,,,,,
336,2,1:14:41 PM,,mount,0.6,0.5,,,,,I,isolated,D,male,,,,,
340,2,1:18:39 PM,,mount,0.6,0.7,,,,,I,isolated,F,male,,,,,
341,2,1:18:40 PM,,mount,0.6,0.5,,,,,I,isolated,D,male,,,,,
360,2,1:33:53 PM,,mount,0.6,0.2,,,,,I,isolated,G,male,,,,,
399,2,2:39:39 PM,,mount,0.6,0.7,,,,,I,isolated,F,male,,,,,
56,1,8:29:51 AM,,insemination,0.7,5,y,n,n,,F,isolated,R,female,,,,,
70,1,8:39:25 AM,,insemination,0.7,7,y,n,n,,F,isolated,T,female,,,,,
97,1,9:11:00 AM,,insemination,0.7,0:00,n,NA,n,,F,isolated,W,female,,,,,
119,1,9:35:28 AM,,insemination,0.7,0,n,NA,n,,F,isolated,M,female,,,,,
197,1,11:56:34 AM,,insemination,0.7,0,n,NA,n,,F,isolated,M,female,,,,,
51,1,8:26:10 AM,,mount,0.7,7,y,y,NA,,F,isolated,T,female,,,,,
53,1,8:26:35 AM,,mount,0.7,6,y,y,NA,,F,isolated,S,female,,,,,
65,1,8:36:14 AM,,mount,0.7,5,y,y,NA,,F,isolated,R,female,,,,,
66,1,8:36:51 AM,,mount,0.7,5,y,n,y,,F,isolated,R,female,,,,,
72,1,8:40:31 AM,,mount,0.7,7,y,n,y,,F,isolated,T,female,,,,,
74,1,8:42:45 AM,,mount,0.7,0.2,,,, mounted him during insem,F,isolated,G,male,,,,,
75,1,8:44:03 AM,,mount,0.7,4,y,y,NA,,F,isolated,Q,female,,,,,
78,1,8:48:03 AM,,mount,0.7,0,n,NA,y,,F,isolated,M,female,,,,,
82,1,8:49:35 AM,,mount,0.7,0,y,n,y,,F,isolated,M,female,,,,,
99,1,9:16:25 AM,,mount,0.7,0,y,y,NA,,F,isolated,M,female,,,,,
122,1,9:53:20 AM,,mount,0.7,0:00,y,n,y,,F,isolated,W,female,,,,,
123,1,9:54:46 AM,,mount,0.7,4,n,NA,y,,F,isolated,Q,female,,,,,
125,1,10:04:00 AM,,mount,0.7,0:00,n,NA,y,,F,isolated,W,female,,,,,
159,1,11:01:03 AM,,mount,0.7,7,y,y,NA,,F,isolated,T,female,,,,,
187,1,11:39:11 AM,,mount,0.7,4,y,y,NA,,F,isolated,Q,female,,,,,
191,1,11:45:45 AM,,mount,0.7,0,n,NA,y,,F,isolated,M,female,,,,,
8,1,8:01:14 AM,,mount,0.7,0.6,,,,,F,isolated,I,male,,,,,
18,1,8:06:57 AM,,mount,0.7,:0,,,,,F,isolated,C,male,,,,,
45,1,8:23:44 AM,,mount,0.7,0.1,,,,,F,isolated,J,male,,,,,
46,1,8:24:00 AM,,mount,0.7,0.2,,,,,F,isolated,G,male,,,,,
49,1,8:25:49 AM,,mount,0.7,:1,,,,,F,isolated,K,male,,,,,
88,1,8:52:29 AM,,mount,0.7,0.1,,,,,F,isolated,J,male,,,,,
92,1,9:05:51 AM,,mount,0.7,:1,,,,,F,isolated,K,male,,,,,
104,1,8:05:11 AM,,mount,0.7,0.1,,,,,F,isolated,J,male,,,,,
117,1,9:30:02 AM,,mount,0.7,0.3,,,,,F,isolated,H,male,,,,,
128,1,10:14:42 AM,,mount,0.7,:1,,,,,F,isolated,K,male,,,,,
130,1,10:18:25 AM,,mount,0.7,:1,,,,,F,isolated,K,male,,,,,
221,1,12:51:17 PM,,mount,0.7,0,,,,,F,isolated,L,male,,,,,
281,2,8:32:27 AM,8:35:36 AM,insemination,0.7,6,n,NA,n,,F,isolated,S,female,,,,,
299,2,10:47:52 AM,,mount,0.7,0.6,,,,,F,isolated,I,male,,,,,
300,2,10:47:55 AM,,mount,0.7,0.5,,,,,F,isolated,D,male,,,,,
358,2,1:32:47 PM,,mount,0.7,6,n,NA,y,,F,isolated,S,female,,,,,
317,2,12:18:47 PM,,mount,0.7,0,,,,,F,isolated,L,male,,,,,
337,2,1:14:53 PM,,mount,0.7,0.6,,,,,F,isolated,I,male,,,,,
339,2,1:18:22 PM,,mount,0.7,0.5,,,,,F,isolated,D,male,,,,,
344,2,1:20:09 PM,,mount,0.7,0.5,,,,,F,isolated,D,male,,,,,
363,2,1:35:42 PM,,mount,0.7,0.6,,,,,F,isolated,I,male,,,,,
385,2,2:23:53 PM,,mount,0.7,0.6,,,,,F,isolated,I,male,,,,,
1,1,8:00:07 AM,8:02:44 AM,insemination,0.8,3,n,NA,n,,A,social,P,female,,,,,
251,1,2:23:59 PM,,insemination,0.8,3,n,NA,y,,A,social,P,female,,,,,
263,1,12:00:00 AM,,insemination,0.8,7,y,n,NA,,A,social,T,female,,,,,
257,1,2:29:19 PM,,mount,0.8,7,y,y,NA,,A,social,T,female,,,,,
258,1,2:30:05 PM,,mount,0.8,6,n,NA,y,,A,social,S,female,,,,,
259,1,2:30:36 PM,,mount,0.8,0,n,NA,y,,A,social,M,female,,,,,
272,1,3:23:05 PM,,mount,0.8,3,n,NA,y,,A,social,P,female,,,,,
25,1,8:10:42 AM,,mount,0.8,0.5,,,,,A,social,D,male,,,,,
118,1,9:35:17 AM,,mount,0.8,0.5,,,,,A,social,D,male,,,,,
248,1,2:21:54 PM,,mount,0.8,0.5,,,,,A,social,D,male,,,,,
250,1,2:22:48 PM,,mount,0.8,0,,,,,A,social,L,male,,,,,
262,1,2:35:29 PM,,mount,0.8,0.1,,,,,A,social,J,male,,,,,
280,1,3:56:25 PM,,mount,0.8,0.2,,,,,A,social,G,male,,,,,
313,2,11:44:54 AM,11:47:35 AM,insemination,0.8,7,n,NA,n,,A,social,T,female,,,,,
315,2,11:51:58 AM,11:52:56 AM,insemination,0.8,7,n,NA,y,,A,social,T,female,,,,,
377,2,2:00:54 PM,,insemination,0.8,7,n,NA,n,,A,social,T,female,,,,,
321,2,12:23:30 PM,,mount,0.8,1:00,n,NA,y,,A,social,X,female,,,,,
11,1,8:03:19 AM,8:04:05 AM,insemination,0.9,5,n,NA,n,,E,isolated,R,female,,,,,
22,1,8:08:45 AM,,insemination,0.9,7,n,NA,n,,E,isolated,T,female,,,,,
32,1,8:14:56 AM,,insemination,0.9,0,n,NA,n,,E,isolated,M,female,,,,,
40,1,8:19:57 AM,,insemination,0.9,0,n,NA,n,short insemination,E,isolated,M,female,,,,,
44,1,8:23:02 AM,,insemination,0.9,4,n,NA,n,,E,isolated,Q,female,,,,,
58,1,8:31:20 AM,8:33:01 AM,insemination,0.9,6,n,NA,n,,E,isolated,S,female,,,,,
149,1,10:45:09 AM,,insemination,0.9,8,n,NA,n,,E,isolated,U,female,,,,,
26,1,8:11:04 AM,,mount,0.9,6,y,y,NA,,E,isolated,S,female,,,,,
27,1,8:11:27 AM,,mount,0.9,7,n,NA,y,,E,isolated,T,female,,,,,
29,1,8:12:22 AM,,mount,0.9,0,n,NA,y,,E,isolated,M,female,,,,,
54,1,8:28:26 AM,,mount,0.9,1,n,NA,y,,E,isolated,N,female,,,,,
64,1,8:36:09 AM,,mount,0.9,1,y,n,y,,E,isolated,N,female,,,,,
71,1,8:40:15 AM,,mount,0.9,1,n,NA,y,,E,isolated,N,female,,,,,
73,1,8:40:45 AM,,mount,0.9,0,n,NA,y,,E,isolated,M,female,,,,,
103,1,9:19:16 AM,,mount,0.9,8,n,NA,y,,E,isolated,U,female,,,,,
127,1,10:08:46 AM,,mount,0.9,4,y,y,NA,,E,isolated,Q,female,,,,,
179,1,11:29:28 AM,,mount,0.9,6,n,NA,y,,E,isolated,S,female,,,,,
180,1,11:30:11 AM,,mount,0.9,6,n,NA,y,,E,isolated,S,female,,,,,
192,1,11:46:32 AM,,mount,0.9,0,n,NA,y,,E,isolated,M,female,,,,,
193,1,11:46:59 AM,,mount,0.9,1;,y,y,NA,,E,isolated,X,female,,,,,
200,1,12:03:20 PM,,mount,0.9,9,y,n,y,,E,isolated,V,female,,,,,
201,1,12:12:00 PM,,mount,0.9,9,n,NA,y,,E,isolated,V,female,,,,,
203,1,12:13:17 PM,,mount,0.9,0,n,NA,y,,E,isolated,M,female,,,,,
205,1,12:21:20 PM,,mount,0.9,1:00,n,NA,y,,E,isolated,X,female,,,,,
206,1,12:22:34 PM,,mount,0.9,0,n,NA,y,,E,isolated,M,female,,,,,
208,1,12:23:48 PM,,mount,0.9,0,n,NA,y,,E,isolated,M,female,,,,,
209,1,12:29:15 PM,,mount,0.9,4,y,y,NA,,E,isolated,Q,female,,,,,
211,1,12:33:25 PM,,mount,0.9,9,n,NA,y,,E,isolated,V,female,,,,,
212,1,12:34:38 PM,,mount,0.9,4,y,y,NA,,E,isolated,Q,female,,,,,
213,1,12:37:22 PM,,mount,0.9,0,n,NA,y,,E,isolated,M,female,,,,,
214,1,12:39:52 PM,,mount,0.9,4,n,NA,y,,E,isolated,Q,female,,,,,
215,1,12:40:56 PM,,mount,0.9,9,y,y,NA,,E,isolated,V,female,,,,,
216,1,12:43:32 PM,,mount,0.9,1:00,n,NA,y,,E,isolated,X,female,,,,,
217,1,12:45:04 PM,,mount,0.9,9,n,NA,y,,E,isolated,V,female,,,,,
218,1,12:45:54 PM,,mount,0.9,4,n,NA,y,,E,isolated,Q,female,,,,,
219,1,12:48:32 PM,,mount,0.9,4,n,NA,y,,E,isolated,Q,female,,,,,
220,1,12:50:47 PM,,mount,0.9,9,n,NA,y,,E,isolated,V,female,,,,,
223,1,1:00:43 PM,,mount,0.9,1:00,n,NA,y,,E,isolated,X,female,,,,,
228,1,1:19:44 PM,,mount,0.9,1:00,n,NA,y,,E,isolated,X,female,,,,,
229,1,1:26:40 PM,,mount,0.9,9,n,NA,y,,E,isolated,V,female,,,,,
232,1,1:28:32 PM,,mount,0.9,1:00,n,NA,y,,E,isolated,X,female,,,,,
233,1,1:29:56 PM,,mount,0.9,8,n,NA,y,,E,isolated,U,female,,,,,
234,1,1:30:59 PM,,mount,0.9,8,n,NA,y,,E,isolated,U,female,,,,,
235,1,1:35:54 PM,.,mount,0.9,8,n,NA,y,,E,isolated,U,female,,,,,
237,1,1:37:41 PM,,mount,0.9,1:00,n,NA,y,,E,isolated,X,female,,,,,
238,1,1:44:42 PM,,mount,0.9,1:00,y,y,NA,,E,isolated,X,female,,,,,
241,1,1:51:17 PM,,mount,0.9,8,y,y,NA,,E,isolated,U,female,,,,,
242,1,2:02:23 PM,,mount,0.9,5,y,y,NA,,E,isolated,R,female,,,,,
243,1,2:04:07 PM,,mount,0.9,5,n,NA,y,,E,isolated,R,female,,,,,
246,1,2:13:34 PM,,mount,0.9,6,n,NA,y,,E,isolated,S,female,,,,,
264,1,2:36:48 PM,,mount,0.9,1:00,n,NA,y,,E,isolated,X,female,,,,,
271,1,3:19:05 PM,,mount,0.9,0:00,y,y,NA,,E,isolated,W,female,,,,,
273,1,3:25:37 PM,,mount,0.9,6,n,NA,y,,E,isolated,S,female,,,,,
278,1,3:45:08 PM,,mount,0.9,1,n,NA,y,,E,isolated,N,female,,,,,
279,1,3:46:29 PM,,mount,0.9,5,n,NA,y,,E,isolated,R,female,,,,,
6,1,8:01:13 AM,,mount,0.9,0.6,,,,,E,isolated,I,male,,,,,
7,1,8:01:12 AM,,mount,0.9,0.6,,,,,E,isolated,I,male,,,,,
17,1,8:06:26 AM,,mount,0.9,0.3,,,,,E,isolated,H,male,,,,,
31,1,8:13:40 AM,,mount,0.9,0.1,,,,,E,isolated,J,male,,,,,
38,1,8:19:21 AM,,mount,0.9,0.2,,,,during insem,E,isolated,G,male,,,,,
80,1,8:48:27 AM,,mount,0.9,0,,,,,E,isolated,L,male,,,,,
109,1,9:23:35 AM,,mount,0.9,0,,,,,E,isolated,L,male,,,,,
136,1,10:24:18 AM,,mount,0.9,0.3,,,,,E,isolated,H,male,,,,,
160,1,11:03:49 AM,,mount,0.9,0.1,,,,,E,isolated,J,male,,,,,
163,1,11:13:06 AM,,mount,0.9,0,,,,,E,isolated,L,male,,,,,
167,1,11:18:51 AM,,mount,0.9,0.1,,,,,E,isolated,J,male,,,,,
171,1,11:24:24 AM,,mount,0.9,0.1,,,,,E,isolated,J,male,,,,,
176,1,11:27:29 AM,,mount,0.9,",.6",,,,,E,isolated,I,male,,,,,
185,1,11:38:12 AM,,mount,0.9,0.7,,,,,E,isolated,F,male,,,,,
189,1,11:41:37 AM,,mount,0.9,0.6,,,,,E,isolated,I,male,,,,,
194,1,11:48:42 AM,,mount,0.9,0.6,,,,,E,isolated,I,male,,,,,
227,1,1:17:28 PM,,mount,0.9,0,y,y,NA,,E,isolated,L,male,,,,,
231,1,1:28:31 PM,,mount,0.9,0.2,,,,,E,isolated,G,male,,,,,
245,1,2:10:50 PM,,mount,0.9,0.9,y,y,NA,,E,isolated,E,male,,,,,
247,1,2:18:07 PM,,mount,0.9,0.6,y,n,y,,E,isolated,I,male,,,,,
256,1,2:28:29 PM,,mount,0.9,0.8,,,,,E,isolated,A,male,,,,,
170,1,11:21:33 AM,,mount,",9",7,n,NA,y,,E,isolated,T,female,,,,,
314,2,11:50:05 AM,,insemination,0.9,4,n,NA,n,,E,isolated,Q,female,,,,,
316,2,12:13:26 PM,,mount,0.9,1:00,y,y,NA,,E,isolated,X,female,,,,,
349,2,1:26:18 PM,,mount,0.5,0.7,,,,,D,social,F,male,,,,,
331,2,12:53:52 PM,,mount,6,5,,,,,I,isolated,R,female,,,,,
391,2,2:28:37 PM,,mount,0.9,7,y,n,y,,E,isolated,T,female,,,,,
4,1,8:00:00 AM,,insemination,:0,6,n,NA,n,,C,social,S,female,,,,,
15,1,8:05:36 AM,,insemination,:0,7,y,n,NA,,C,social,T,female,,,,,
253,1,2:24:40 PM,,mount,:0,7,n,NA,y,,C,social,T,female,,,,,
161,1,11:07:54 AM,,mount,:0,0.2,,,,,C,social,G,male,,,,,
230,1,1:27:57 PM,,mount,:0,0.2,,,,,C,social,G,male,,,,,
12,1,8:04:18 AM,,other,:0,,,,,,C,social,NA,female,,,,,
367,2,1:39:19 PM,,mount,:0,9,n,NA,y,,C,social,V,female,,,,,
324,2,12:28:11 PM,12:30:41 PM,insemination,:0,1:00,n,NA,n,,C,social,X,female,,,,,
381,2,2:14:15 PM,2:15:08 PM,insemination,:0,7,n,NA,n,,C,social,T,female,,,,,
325,2,12:34:09 PM,,mount,:0,1:00,n,NA,y,,C,social,X,female,,,,,
332,2,12:55:15 PM,,mount,:0,1:00,y,n,y,,C,social,X,female,,,,,
333,2,1:08:56 PM,,mount,:0,8,n,NA,y,,C,social,U,female,,,,,
335,2,1:12:56 PM,,mount,:0,9,n,NA,y,,C,social,V,female,,,,,
346,2,1:23:25 PM,,mount,:0,6,n,NA,y,,C,social,S,female,,,,,
348,2,1:26:01 PM,,mount,:0,0:00,n,NA,y,,C,social,W,female,,,,,
351,2,1:28:23 PM,,mount,:0,1:00,n,NA,y,,C,social,X,female,,,,,
352,2,1:29:12 PM,,mount,:0,0:00,n,NA,y,,C,social,W,female,,,,,
354,2,1:30:30 PM,,mount,:0,6,n,NA,y,,C,social,S,female,,,,,
355,2,1:31:21 PM,,mount,:0,0:00,n,NA,y,,C,social,W,female,,,,,
370,2,1:41:12 PM,,mount,:0,8,n,NA,n,,C,social,U,female,,,,,
378,2,2:01:47 PM,,mount,:0,3,n,NA,y,,C,social,P,female,,,,,
379,2,2:08:04 PM,,mount,:0,8,n,NA,y,,C,social,U,female,,,,,
380,2,2:09:32 PM,,mount,:0,7,n,NA,y,,C,social,T,female,,,,,
382,2,2:18:41 PM,,mount,:0,1:00,n,NA,y,,C,social,X,female,,,,,
383,2,2:21:55 PM,,mount,:0,1:00,n,NA,y,,C,social,X,female,,,,,
386,2,2:24:55 PM,,mount,:0,9,y,y,NA,,C,social,V,female,,,,,
387,2,2:25:16 PM,,mount,:0,1:00,n,NA,y,,C,social,X,female,,,,,
390,2,2:26:39 PM,,mount,:0,7,y,NA,y,,C,social,T,female,,,,,
338,2,1:15:16 PM,,mount,:0,0.1,n,,,,C,social,J,male,,,,,
372,2,1:47:16 PM,,mount,:0,0,,,,,C,social,L,male,,,,,
395,2,2:34:55 PM,,mount,:0,:6,,,,,C,social,B,male,,,,,
43,1,8:22:10 AM,,insemination,:1,0,y,n,NA,,K,isolated,M,female,,,,,
59,1,8:32:23 AM,,insemination,:1,0,y,n,n,,K,isolated,M,female,,,,,
91,1,9:02:23 AM,,insemination,:1,0:00,n,NA,n,,K,isolated,W,female,,,,,
224,1,1:08:19 PM,,insemination,:1,7,y,n,n,,K,isolated,T,female,,,,,
20,1,8:07:25 AM,,mount,:1,0,n,NA,y,,K,isolated,M,female,,,,,
24,1,8:10:32 AM,,mount,:1,0,y,y,NA,,K,isolated,M,female,,,,,
42,1,8:21:11 AM,,mount,:1,0,n,NA,y,,K,isolated,M,female,,,,,
50,1,8:26:05 AM,,mount,:1,7,y,y,NA,,K,isolated,T,female,,,,,
52,1,8:26:35 AM,,mount,:1,6,y,y,NA,,K,isolated,S,female,,,,,
76,1,8:44:48 AM,,mount,:1,9,y,y,NA,,K,isolated,V,female,,,,,
79,1,8:48:20 AM,,mount,:1,0,n,NA,y,,K,isolated,M,female,,,,,
158,1,10:53:18 AM,,mount,:1,7,y,n,y,,K,isolated,T,female,,,,,
173,1,11:25:12 AM,,mount,:1,0,n,NA,y,,K,isolated,M,female,,,,,
186,1,11:38:28 AM,,mount,:1,0,n,NA,y,,K,isolated,M,female,,,,,
204,1,12:19:00 PM,,mount,:1,0,y,y,NA,,K,isolated,M,female,,,,,
207,1,12:23:12 PM,,mount,:1,7,y,y,NA,,K,isolated,T,female,,,,,
37,1,8:16:40 AM,,mount,:1,0.1,,,,,K,isolated,J,male,,,,,
39,1,8:19:22 AM,,mount,:1,0.2,,,,during insem,K,isolated,G,male,,,,,
101,1,9:18:25 AM,,mount,:1,0.7,,,,,K,isolated,F,male,,,,,
132,1,10:20:03 AM,,mount,:1,0.3,,,,,K,isolated,H,male,,,,,
146,1,10:38:12 AM,,mount,:1,0.6,,,,,K,isolated,I,male,,,,,
309,2,11:40:00 AM,,insemination,:1,7,y,n,n,,K,isolated,T,female,,,,,
375,2,1:50:35 PM,,mount,:1,7,y,y,NA,,K,isolated,T,female,,,,,
10,1,8:03:03 AM,8:05:11 AM,insemination,:6,2,n,NA,n,,B,isolated,O,female,,,,,
30,1,8:12:37 AM,,insemination,:6,6,n,NA,n,male position was weir,B,isolated,S,female,,,,,
60,1,8:32:37 AM,,insemination,:6,4,n,NA,n,,B,isolated,Q,female,,,,,
244,1,2:07:12 PM,,insemination,:6,5,n,NA,y,,B,isolated,R,female,,,,,
269,1,3:08:28 PM,,insemination,:6,7,y,n,n,,B,isolated,T,female,,,,,
270,1,3:14:17 PM,3:15:11 PM,insemination,:6,3,n,NA,n,,B,isolated,P,female,,,,,
34,1,8:15:50 AM,,mount,:6,6,n,NA,y,,B,isolated,S,female,,,,,
143,1,10:34:26 AM,,mount,:6,0,n,NA,y,,B,isolated,M,female,,,,,
196,1,11:51:46 AM,,mount,:6,2,y,y,NA,refusal stance,B,isolated,O,female,,,,,
210,1,12:32:04 PM,,mount,:6,0,n,NA,y,,B,isolated,M,female,,,,,
236,1,1:36:42 PM,,mount,:6,1,n,NA,y,,B,isolated,N,female,,,,,
239,1,1:46:46 PM,,mount,:6,6,n,NA,y,,B,isolated,S,female,,,,,
274,1,3:26:11 PM,,mount,:6,9,n,NA,y,,B,isolated,V,female,,,,,
2,1,8:00:23 AM,,mount,:6,0.1,,,,,B,isolated,J,male,,,,,
3,1,8:00:24 AM,,mount,:6,0.1,,,,,B,isolated,J,male,,,,,
36,1,8:16:17 AM,,mount,:6,0.3,,,,,B,isolated,H,male,,,,,
48,1,8:25:39 AM,,mount,:6,0.6,,,,,B,isolated,I,male,,,,,
57,1,8:30:13 AM,,mount,:6,0.6,,,,,B,isolated,I,male,,,,,
68,1,8:37:22 AM,,mount,:6,0.6,,,,,B,isolated,I,male,,,,,
86,1,8:51:40 AM,,mount,:6,0.3,,,,,B,isolated,H,male,,,,,
87,1,8:51:54 AM,,mount,:6,0.3,,,,,B,isolated,H,male,,,,,
126,1,10:04:53 AM,,mount,:6,0.6,,,,,B,isolated,I,male,,,,,
199,1,11:56:34 AM,,mount,:6,0.1,,,,,B,isolated,J,male,,,,,
276,1,3:34:17 PM,,mount,:6,0.8,,,,,B,isolated,A,male,,,,,
283,2,9:41:59 AM,,insemination,:6,3,n,NA,n,,B,isolated,P,female,,,,,
294,2,10:42:44 AM,10:44:44 AM,insemination,:6,3,y,n,n,,B,isolated,P,female,,,,,
284,2,9:48:12 AM,,mount,:6,"3,",n,,,,B,isolated,NA,female,,,,,
308,2,11:39:28 AM,,mount,:6,3,y,n,y,,B,isolated,P,female,,,,,
302,2,11:20:06 AM,,mount,:6,0.3,n,NA,y,,B,isolated,H,male,,,,,
393,2,2:30:53 PM,,mount,:6,0:00,n,NA,y,,B,isolated,W,female,,,,,
397,2,2:35:57 PM,,mount,:6,0:00,n,NA,y,,B,isolated,W,female,,,,,
406,2,2:53:18 PM,,mount,:6,0:00,n,NA,y,,B,isolated,W,female,,,,,
394,2,2:34:31 PM,,mount,:6,:0,,,,,B,isolated,C,male,,,,,
