replicate,day,start_time,end_time,focal,partner,avoid,success,abort,behaviour,notes,patch_focal,patch_partner,treatment
1,1,8:03:01 AM,,",6","5,",y,y,NA,mount,,G,P,isolated
1,1,8:03:29 AM,8:08:59 AM,",6","2,",y,n,n,insemination,,G,I,social
1,1,8:06:48 AM,,",8","1,",y,y,NA,mount,,H,K,social
1,1,8:07:22 AM,,",8","1,",n,NA,y,mount,,H,K,social
1,1,8:10:10 AM,,",6","2,",n,NA,y,mount,,G,I,social
1,1,8:10:17 AM,,",8","1,",y,y,NA,mount,,H,K,social
1,1,8:11:44 AM,8:14:01 AM,",4","0,",n,NA,n,insemination,,E,L,social
1,1,8:12:06 AM,,",6","6,",y,y,NA,mount,,G,M,isolated
1,1,8:14:02 AM,,",8","1,",y,y,NA,mount,,H,K,social
1,1,8:14:23 AM,,",1","1,",y,y,NA,mount,,B,K,social
1,1,8:14:46 AM,,",6","2,",n,NA,y,mount,,G,I,social
1,1,8:15:44 AM,8:17:49 AM,",6","5,",n,NA,n,insemination,,G,P,isolated
1,1,8:22:40 AM,8:23:40 AM,",0","0,",y,n,n,insemination,,A,L,social
1,1,8:24:47 AM,,",8","2,",y,y,NA,mount,,H,I,social
1,1,8:25:01 AM,,",8","0,",y,y,NA,mount,,H,L,social
1,1,8:25:26 AM,,",8","0,",y,n,y,mount,,H,L,social
1,1,8:26:44 AM,,",8","6,",y,n,y,mount,,H,M,isolated
1,1,8:27:19 AM,8:28:50 AM,",6","2,",n,NA,n,insemination,,G,I,social
1,1,8:27:46 AM,,",1","5,",n,NA,y,mount,male lousy,B,P,isolated
1,1,8:29:16 AM,,",8","6,",y,y,NA,mount,female was against wall,H,M,isolated
1,1,8:31:32 AM,,",6","0,",y,y,NA,mount,,G,L,social
1,1,8:34:34 AM,8:36:10 AM,",3","9,",y,n,n,insemination,,D,N,isolated
1,1,8:38:50 AM,,",8","9,",y,y,NA,mount,,H,N,isolated
1,1,8:38:56 AM,,",8","8,",n,NA,y,mount,,H,O,isolated
1,1,8:39:32 AM,8:40:20 AM,",5","2,",n,NA,n,insemination,,F,I,social
1,1,8:41:18 AM,,",8","9,",n,NA,y,mount,,H,N,isolated
1,1,8:42:12 AM,,",1","8,",n,NA,y,mount,male lousy,B,O,isolated
1,1,8:43:58 AM,,",3","2,",y,n,y,mount,,D,I,social
1,1,8:45:49 AM,,",0","6,",y,y,NA,mount,,A,M,isolated
1,1,8:45:52 AM,,",6","5,",y,y,NA,mount,,G,P,isolated
1,1,8:46:08 AM,,",6","8,",y,y,NA,mount,,G,O,isolated
1,1,8:46:25 AM,,",6","5,",y,y,NA,mount,,G,P,isolated
1,1,8:47:35 AM,,",5","8,",n,NA,y,mount,,F,O,isolated
1,1,8:52:33 AM,8:55:04 AM,",6","6,",n,NA,n,insemination,,G,M,isolated
1,1,8:53:12 AM,,",8","4,",n,NA,y,mount,,H,J,social
1,1,9:04:02 AM,,",1","5,",n,NA,y,mount,male lousy,B,P,isolated
1,1,9:04:34 AM,,",6","6,",n,NA,y,mount,,G,M,isolated
1,1,9:05:22 AM,9:07:00 AM,",2","2,",n,NA,n,insemination,end time is an estimate,C,I,social
1,1,9:17:14 AM,,",1","5,",y,y,NA,mount,,B,P,isolated
1,1,9:17:59 AM,,",0","9,",n,NA,y,mount,,A,N,isolated
1,1,9:18:36 AM,,",1","5,",n,NA,y,mount,lousy male,B,P,isolated
1,1,9:19:36 AM,,",1","5,",n,NA,y,mount,lousy male,B,P,isolated
1,1,9:43:24 AM,,",6","0,",n,NA,y,mount,,G,L,social
1,1,9:48:22 AM,,",1","5,",y,y,NA,mount,,B,P,isolated
1,1,9:53:26 AM,,",1","5,",y,y,NA,mount,,B,P,isolated
1,1,10:23:14 AM,,",1","4,",n,NA,y,mount,male lousy,B,J,social
1,1,12:20:54 PM,,",5","8,",n,NA,y,mount,,F,O,isolated
1,1,12:30:47 PM,,",1","8,",n,NA,y,mount,lousy male,B,O,isolated
1,1,12:37:25 PM,,",8","1,",n,NA,y,mount,,H,K,social
1,1,12:39:49 PM,12:40:36 PM,",3","9,",y,n,n,insemination,,D,N,isolated
1,1,1:00:43 PM,,",5","8,",y,y,NA,mount,,F,O,isolated
1,1,1:29:37 PM,,",1","1,",n,NA,y,mount,,B,K,social
1,1,1:37:24 PM,,",8","4,",n,NA,y,mount,,H,J,social
1,1,1:48:18 PM,,",8","4,",n,NA,y,mount,stayed on top of female; couldn't get into position,H,J,social
1,1,2:07:44 PM,,",8","4,",y,y,NA,mount,,H,J,social
1,1,2:19:29 PM,2:19:50 PM,",5","8,",n,NA,n,insemination,,F,O,isolated
1,1,2:36:28 PM,,",2","8,",y,y,NA,mount,,C,O,isolated
1,1,3:11:26 PM,3:12:03 PM,",2","8,",n,NA,n,insemination,,C,O,isolated
1,1,3:14:08 PM,,",8","4,",y,y,NA,mount,,H,J,social
1,1,3:15:11 PM,3:15:58 PM,",4","8,",n,NA,n,insemination,,E,O,isolated
1,1,3:27:51 PM,,",2","8,",n,NA,y,mount,,C,O,isolated
1,1,3:40:52 PM,3:41:23 PM,",3","8,",y,n,n,insemination,,D,O,isolated
1,1,3:49:50 PM,,",8","4,",y,y,NA,mount,,H,J,social
1,2,8:17:42 AM,8:18:36 AM,",2","4,",n,NA,n,insemination,,C,J,social
1,2,9:32:11 AM,,",2","1,",n,NA,y,mount,,C,K,social
1,2,9:43:07 AM,,",5","8,",n,NA,y,mount,,F,O,isolated
1,2,10:03:11 AM,10:03:47 AM,",2","1,",n,NA,n,insemination,,C,K,social
1,2,10:11:15 AM,,",3","4,",n,NA,y,mount,,D,J,social
1,2,10:16:13 AM,,",3","4,",n,NA,y,mount,,D,J,social
1,2,10:36:36 AM,,",8","0,",y,y,NA,mount,,H,L,social
1,2,10:44:31 AM,,",8","0,",y,y,NA,mount,,H,L,social
1,2,10:49:11 AM,,",5","8,",n,NA,y,mount,,F,O,isolated
1,2,10:55:17 AM,,",8","0,",n,NA,y,mount,,H,L,social
1,2,11:12:58 AM,,",8","0,",n,NA,y,mount,,H,L,social
1,2,11:21:26 AM,,",6","0,",y,y,NA,mount,,G,L,social
1,2,11:51:37 AM,,",8","0,",y,y,NA,mount,,H,L,social
1,2,12:18:08 PM,,",2","5,",y,y,NA,mount,,C,P,isolated
1,2,12:39:26 PM,,",1","8,",n,NA,y,mount,weird male,B,O,isolated
1,2,12:46:17 PM,,",5","8,",n,NA,y,mount,,F,O,isolated
1,2,1:43:49 PM,,",3","4,",y,y,NA,mount,refusal stance,D,J,social
1,2,2:08:17 PM,,",3","4,",y,y,NA,mount,,D,J,social
1,2,2:20:28 PM,2:21:06 PM,",4","1,",n,NA,n,insemination,,E,K,social
1,2,2:30:35 PM,,",4","5,",y,y,NA,mount,,E,P,isolated
1,2,2:30:53 PM,,",3","2,",y,y,NA,mount,,D,I,social
1,2,2:32:02 PM,,",1","8,",n,NA,y,mount,weird male,B,O,isolated
1,2,2:36:02 PM,2:36:29 PM,",4","4,",n,NA,n,insemination,,E,J,social
1,2,2:36:59 PM,,",4","5,",y,y,NA,mount,,E,P,isolated
1,2,2:46:36 PM,,",5","8,",y,y,NA,mount,,F,O,isolated
1,2,2:49:21 PM,,",1","6,",n,NA,y,mount,,B,M,isolated
1,2,3:02:07 PM,,",8","5,",n,NA,y,mount,,H,P,isolated
1,2,3:06:23 PM,3:07:03 PM,",3","4,",n,NA,n,insemination,,D,J,social
1,2,3:09:32 PM,,",6","0,",y,y,NA,mount,refusal stance,G,L,social
1,2,3:10:48 PM,,",8","5,",n,NA,y,mount,,H,P,isolated
1,2,3:12:19 PM,,",8","5,",y,y,NA,mount,,H,P,isolated
1,2,3:17:04 PM,,",0","5,",n,NA,y,mount,,A,P,isolated
1,2,3:29:32 PM,,",1","4,",n,NA,y,mount,weird male,B,J,social
1,2,3:30:37 PM,,",5","4,",y,y,NA,mount,,F,J,social
1,2,3:52:47 PM,,",0","4,",n,NA,y,mount,,A,J,social
1,2,3:53:59 PM,,",8","4,",y,y,NA,mount,,H,J,social
1,2,3:54:12 PM,,",0","0,",n,NA,y,mount,,A,L,social
2,1,8:04:23 AM,,",3","9,",n,NA,y,mount,,C,N,isolated
2,1,8:05:57 AM,,",4","8,",n,NA,n,insemination,checked footage and validated,D,P,isolated
2,1,8:07:00 AM,,",2","1,",n,NA,n,insemination,checked footage and validated,B,J,social
2,1,8:07:00 AM,,",3","9,",n,NA,n,insemination,checked footage and validated,C,N,isolated
2,1,8:10:01 AM,,",5","1,",n,NA,n,insemination,checked footage and validated,E,J,social
2,1,8:10:12 AM,,",2","9,",n,NA,y,mount,checked footage and validated,B,N,isolated
2,1,8:12:32 AM,,",3","1,",n,NA,y,mount,,C,J,social
2,1,8:12:53 AM,,",4","4,",n,NA,y,mount,,D,O,isolated
2,1,8:15:31 AM,8:16:57 AM,",9","9,",n,NA,n,insemination,,H,N,isolated
2,1,8:16:18 AM,8:16:43 AM,",7","7,",n,NA,n,insemination,,F,I,social
2,1,8:18:49 AM,,",9","7,",n,NA,y,mount,weird - not in position,H,I,social
2,1,8:19:41 AM,,",3","1,",n,NA,y,mount,,C,J,social
2,1,8:24:25 AM,,",2","1,",N,NA,Y,mount,,B,J,social
2,1,8:28:35 AM,,",2","0,",n,NA,y,mount,,B,M,isolated
2,1,8:29:15 AM,,",2","9,",n,NA,y,mount,,B,N,isolated
2,1,8:30:27 AM,,",2","1,",n,NA,y,mount,,B,J,social
2,1,8:32:36 AM,8:33:23 AM,",5","9,",n,NA,n,insemination,,E,N,isolated
2,1,8:36:19 AM,8:36:48 AM,",7","0,",n,NA,n,insemination,,F,M,isolated
2,1,8:48:03 AM,,",4","1,",n,NA,y,mount,,D,J,social
2,1,8:53:06 AM,,",2","1,",n,NA,y,mount,,B,J,social
2,1,8:55:01 AM,,",2","1,",n,NA,y,mount,,B,J,social
2,1,9:01:18 AM,,",2","0,",n,NA,y,mount,,B,M,isolated
2,1,9:01:38 AM,9:02:01 AM,",2","7,",n,NA,n,insemination,,B,I,social
2,1,9:07:11 AM,,",3","1,",n,NA,y,mount,,C,J,social
2,1,9:27:28 AM,,",9","7,",n,NA,y,mount,,H,I,social
2,1,9:37:33 AM,,",4","5,",n,NA,y,mount,,D,K,social
2,1,9:38:44 AM,9:40:55 AM,",3","5,",n,NA,n,insemination,,C,K,social
2,1,9:39:50 AM,,",9","9,",n,NA,y,mount,,H,N,isolated
2,1,9:43:04 AM,,",2","5,",n,NA,y,mount,,B,K,social
2,1,9:44:57 AM,9:46:07 AM,",9","9,",n,NA,n,insemination,"odd, they have beem on top of each other for a long time, potentially getting in and out of position, I believe this was insemination though",H,N,isolated
2,1,10:00:57 AM,10:02:38 AM,",0","4,",n,NA,n,insemination,Weird position but I think insemination,A,O,isolated
2,1,10:16:59 AM,,",0","4,",n,NA,y,mount,,A,O,isolated
2,1,12:16:00 PM,12:16:22 PM,",0","0,",n,NA,n,insemination,,A,M,isolated
2,1,1:38:30 PM,,",5","1,",n,NA,n,insemination,,E,J,social
2,1,1:51:12 PM,,",3","1,",n,NA,y,mount,,C,J,social
2,1,2:20:03 PM,2:20:30 PM,",2","7,",n,NA,n,insemination,,B,I,social
2,1,8:07:00 AM,,",8","4,",y,n,n,insemination,checked footage and validated,G,O,isolated
2,1,8:10:27 AM,8:11:00 AM,",7","4,",y,n,n,insemination,checked footage and validated,F,O,isolated
2,1,8:11:12 AM,,",2","9,",y,n,y,mount,,B,N,isolated
2,1,8:13:13 AM,,",2","0,",y,n,y,mount,,B,M,isolated
2,1,8:44:14 AM,,",7","9,",y,n,y,mount,,F,N,isolated
2,1,1:17:58 PM,,",9","0,",y,n,y,mount,,H,M,isolated
2,1,1:43:21 PM,,",3","1,",y,n,y,mount,,C,J,social
2,1,1:45:28 PM,1:46:14 PM,",2","1,",y,n,n,insemination,,B,J,social
2,1,2:19:40 PM,2:20:15 PM,",0","0,",y,n,n,insemination,,A,M,isolated
2,1,2:26:53 PM,,",7","4,",y,n,y,mount,,F,O,isolated
2,1,2:33:22 PM,,",0","9,",y,n,y,mount,,A,N,isolated
2,1,2:54:23 PM,2:55:01 PM,",4","9,",y,n,n,insemination,,D,N,isolated
2,1,3:35:52 PM,,",0","7,",y,NA,y,mount,,A,I,social
2,1,3:43:50 PM,3:44:54 PM,",0","9,",y,n,n,insemination,,A,N,isolated
2,1,8:04:10 AM,,",2","9,",y,y,NA,mount,,B,N,isolated
2,1,8:06:59 AM,,",5","1,",y,y,NA,mount,,E,J,social
2,1,unsure,,",3","1,",y,y,NA,mount,added from footage,C,J,social
2,1,8:14:23 AM,,",2","7,",y,y,NA,mount,,B,I,social
2,1,8:15:38 AM,,",3","1,",y,y,NA,mount,,C,J,social
2,1,8:22:15 AM,,",7","0,",Y,Y,NA,mount,,F,M,isolated
2,1,8:25:28 AM,,",3","9,",Y,Y,NA,mount,,C,N,isolated
2,1,8:36:37 AM,,",9","7,",y,y,NA,mount,,H,I,social
2,1,8:37:10 AM,,",3","9,",y,y,NA,mount,,C,N,isolated
2,1,8:39:35 AM,,",2","1,",y,y,NA,mount,,B,J,social
2,1,8:39:42 AM,,",3","1,",y,y,NA,mount,,C,J,social
2,1,8:40:13 AM,,",0","0,",y,y,NA,mount,,A,M,isolated
2,1,8:42:46 AM,,",0","1,",y,y,NA,mount,,A,J,social
2,1,8:43:25 AM,,",0","1,",y,y,NA,mount,,A,J,social
2,1,8:44:57 AM,,",9","9,",y,y,NA,mount,,H,N,isolated
2,1,8:47:06 AM,,",4","0,",y,y,NA,mount,,D,M,isolated
2,1,8:53:17 AM,,",3","7,",y,y,NA,mount,,C,I,social
2,1,9:03:28 AM,,",2","0,",y,y,NA,mount,,B,M,isolated
2,1,9:31:36 AM,,",8","4,",y,y,NA,mount,,G,O,isolated
2,1,9:35:05 AM,,",9","5,",y,y,NA,mount,,H,K,social
2,1,9:43:32 AM,,",2","5,",y,y,NA,mount,,B,K,social
2,1,10:39:08 AM,,",3","9,",y,y,NA,mount,,C,N,isolated
2,1,1:15:33 PM,,",9","0,",y,y,NA,mount,,H,M,isolated
2,1,1:16:12 PM,,",2","0,",y,y,NA,mount,,B,M,isolated
2,1,1:20:30 PM,,",3","7,",y,y,NA,mount,,C,I,social
2,1,1:44:58 PM,,",3","1,",y,y,NA,mount,,C,J,social
2,1,3:45:59 PM,,",0","9,",y,y,NA,mount,weird,A,N,isolated
2,2,8:17:27 AM,,",2","5,",n,NA,y,mount,,B,K,social
2,2,8:32:12 AM,,",2","5,",n,NA,y,mount,,B,K,social
2,2,9:39:51 AM,,",7","7,",n,NA,y,mount,unsure,F,I,social
2,2,9:46:08 AM,,",2","6,",n,NA,y,mount,,B,L,social
2,2,9:52:13 AM,,",2","6,",n,NA,y,mount,,B,L,social
2,2,10:25:25 AM,,",2","6,",n,NA,y,mount,,B,L,social
2,2,10:51:57 AM,,",2","1,",n,NA,y,mount,,B,J,social
2,2,11:13:40 AM,,",7","7,",n,NA,y,mount,,F,I,social
2,2,12:01:03 PM,,",3","0,",n,NA,y,mount,,C,M,isolated
2,2,12:03:29 PM,,",3","7,",n,NA,y,mount,,C,I,social
2,2,12:04:53 PM,,",3","7,",n,NA,y,mount,,C,I,social
2,2,12:05:00 PM,,",3","5,",n,NA,y,mount,,C,K,social
2,2,12:08:12 PM,,",3","0,",n,NA,y,mount,,C,M,isolated
2,2,12:08:56 PM,,",3","0,",n,NA,y,mount,,C,M,isolated
2,2,12:09:39 PM,,",3","9,",n,NA,y,mount,,C,N,isolated
2,2,12:10:21 PM,,",3","9,",n,NA,y,mount,,C,N,isolated
2,2,12:12:38 PM,,",2","1,",n,NA,y,mount,,B,J,social
2,2,12:18:10 PM,,",3","9,",n,NA,y,mount,,C,N,isolated
2,2,12:20:19 PM,,",5","5,",n,NA,y,mount,,E,K,social
2,2,12:23:21 PM,,",3","1,",n,NA,y,mount,,C,J,social
2,2,12:23:36 PM,,",3","5,",n,NA,y,mount,,C,K,social
2,2,12:25:20 PM,,",3","4,",n,NA,y,mount,,C,O,isolated
2,2,12:26:26 PM,,",3","4,",n,NA,y,mount,,C,O,isolated
2,2,12:27:23 PM,12:28:26 PM,",5","5,",n,NA,n,insemination,,E,K,social
2,2,12:27:49 PM,,",3","1,",n,NA,y,mount,,C,J,social
2,2,12:33:48 PM,,",3","0,",n,NA,y,mount,,C,M,isolated
2,2,12:33:49 PM,,",3","0,",n,NA,y,mount,,C,M,isolated
2,2,12:33:53 PM,,",3","7,",n,NA,y,mount,,C,I,social
2,2,12:35:53 PM,,",3","5,",n,NA,y,mount,,C,K,social
2,2,12:36:22 PM,,",3","0,",n,NA,y,mount,,C,M,isolated
2,2,12:37:36 PM,,",3","1,",n,NA,y,mount,,C,J,social
2,2,12:37:54 PM,,",3","9,",n,NA,y,mount,,C,N,isolated
2,2,12:38:58 PM,,",0","5,",n,NA,y,mount,,A,K,social
2,2,12:39:32 PM,12:39:56 PM,",9","5,",n,NA,n,insemination,,H,K,social
2,2,12:42:49 PM,12:43:19 PM,",3","1,",n,NA,n,insemination,,C,J,social
2,2,12:44:02 PM,,",5","7,",n,NA,y,mount,,E,I,social
2,2,12:45:20 PM,,",3","7,",n,NA,y,mount,,C,I,social
2,2,12:49:36 PM,,",3","0,",n,NA,y,mount,,C,M,isolated
2,2,12:49:53 PM,,",3","5,",n,NA,y,mount,,C,K,social
2,2,12:55:13 PM,,",3","5,",n,NA,y,mount,,C,K,social
2,2,1:07:50 PM,,",3","9,",n,NA,y,mount,,C,N,isolated
2,2,1:13:41 PM,,",3","5,",n,NA,y,mount,,C,K,social
2,2,1:25:32 PM,1:26:07 PM,",0","5,",n,NA,n,insemination,,A,K,social
2,2,1:30:12 PM,,",3","0,",n,NA,y,mount,,C,M,isolated
2,2,1:34:46 PM,,",3","0,",n,NA,y,mount,,C,M,isolated
2,2,1:39:37 PM,,",0","0,",n,NA,y,mount,,A,M,isolated
2,2,1:41:02 PM,,",4","0,",n,NA,y,mount,,D,M,isolated
2,2,1:42:22 PM,,",9","0,",n,NA,y,mount,,H,M,isolated
2,2,1:43:41 PM,,",3","7,",n,NA,y,mount,,C,I,social
2,2,1:45:19 PM,,",8","0,",n,NA,y,mount,,G,M,isolated
2,2,1:47:10 PM,,",3","1,",n,NA,y,mount,,C,J,social
2,2,1:51:50 PM,,",5","7,",n,NA,y,mount,,E,I,social
2,2,2:03:51 PM,,",6","0,",n,NA,y,mount,,NA,M,isolated
2,2,2:07:23 PM,,",3","9,",n,NA,y,mount,,C,N,isolated
2,2,2:25:22 PM,,",3","9,",n,NA,y,mount,,C,N,isolated
2,2,2:29:44 PM,,",3","9,",n,NA,y,mount,,C,N,isolated
2,2,2:31:39 PM,,",3","1,",n,NA,y,mount,,C,J,social
2,2,2:31:55 PM,,",5","7,",n,NA,y,mount,,E,I,social
2,2,2:36:53 PM,,",3","6,",n,NA,y,mount,,C,L,social
2,2,2:38:54 PM,,",0","1,",n,NA,y,mount,,A,J,social
2,2,2:40:08 PM,2:40:57 PM,",5","4,",n,NA,n,insemination,,E,O,isolated
2,2,2:41:13 PM,,",3","4,",n,NA,y,mount,,C,O,isolated
2,2,2:45:05 PM,,",2","0,",n,NA,y,mount,,B,M,isolated
2,2,3:12:12 PM,,",2","1,",n,NA,y,mount,,B,J,social
2,2,3:13:10 PM,,",3","9,",n,NA,y,mount,,C,N,isolated
2,2,3:16:49 PM,,",3","9,",n,NA,y,mount,,C,N,isolated
2,2,3:17:56 PM,,",3","0,",n,NA,y,mount,,C,M,isolated
2,2,3:19:33 PM,,",3","4,",n,NA,y,mount,,C,O,isolated
2,2,3:19:52 PM,,",3","0,",n,NA,y,mount,,C,M,isolated
2,2,3:23:16 PM,,",3","7,",n,NA,y,mount,,C,I,social
2,2,3:26:02 PM,,",3","7,",n,NA,y,mount,,C,I,social
2,2,3:31:06 PM,,",3","4,",n,NA,y,mount,,C,O,isolated
2,2,3:34:21 PM,,",3","9,",n,NA,y,mount,,C,N,isolated
2,2,3:40:56 PM,,",5","9,",n,NA,y,mount,,E,N,isolated
2,2,10:25:57 AM,10:26:15 AM,",2","5,",y,n,n,insemination,not sure if long enough to be insem,B,K,social
2,2,10:34:08 AM,,",2","5,",y,n,y,mount,,B,K,social
2,2,11:38:44 AM,,",2","6,",y,n,y,mount,,B,L,social
2,2,11:52:02 AM,11:53:00 AM,",0","0,",y,n,n,insemination,,A,M,isolated
2,2,12:01:50 PM,,",3","5,",y,n,y,mount,,C,K,social
2,2,12:05:49 PM,12:10:05 PM,",5","4,",y,n,n,insemination,,E,O,isolated
2,2,12:10:01 PM,,",3","0,",y,n,y,mount,,C,M,isolated
2,2,12:13:12 PM,,",3","5,",y,n,y,mount,,C,K,social
2,2,12:16:04 PM,,",3","0,",y,n,y,mount,,C,M,isolated
2,2,12:19:32 PM,,",3","0,",y,n,y,mount,,C,M,isolated
2,2,12:22:55 PM,,",3","4,",y,n,y,mount,,C,O,isolated
2,2,12:28:41 PM,,",7","5,",y,n,y,mount,,F,K,social
2,2,12:32:50 PM,,",3","1,",y,n,y,mount,,C,J,social
2,2,12:34:27 PM,,",3","0,",y,n,y,mount,,C,M,isolated
2,2,12:36:39 PM,12:37:38 PM,",0","5,",y,n,n,insemination,,A,K,social
2,2,12:38:58 PM,,",8","5,",y,n,n,insemination,,G,K,social
2,2,12:51:00 PM,,",3","1,",y,n,y,mount,,C,J,social
2,2,12:51:27 PM,,",3","9,",y,n,y,mount,,C,N,isolated
2,2,12:51:59 PM,,",3","1,",y,n,y,mount,,C,J,social
2,2,1:11:30 PM,,",3","1,",y,n,y,mount,,C,J,social
2,2,1:17:14 PM,,",3","5,",y,n,y,mount,,C,K,social
2,2,1:19:11 PM,,",3","5,",y,n,y,mount,,C,K,social
2,2,1:25:08 PM,,",9","5,",y,n,y,mount,,H,K,social
2,2,1:27:16 PM,,",0","5,",y,n,y,mount,,A,K,social
2,2,1:31:29 PM,1:32:38 PM,",3","6,",y,n,n,insemination,,C,L,social
2,2,1:41:36 PM,1:42:28 PM,",8","8,",y,n,n,insemination,,G,P,isolated
2,2,1:51:02 PM,,",3","6,",y,n,y,mount,,C,L,social
2,2,1:54:01 PM,,",3","0,",y,n,y,mount,,C,M,isolated
2,2,2:42:50 PM,,",3","9,",y,n,y,mount,,C,N,isolated
2,2,3:11:37 PM,,",3","9,",y,n,y,mount,,C,N,isolated
2,2,8:32:33 AM,,",2","4,",y,y,NA,mount,,B,O,isolated
2,2,9:29:44 AM,,",5","0,",y,y,NA,mount,,E,M,isolated
2,2,9:38:35 AM,,",0","0,",y,y,NA,mount,,A,M,isolated
2,2,10:38:06 AM,,",7","1,",y,y,NA,mount,,F,J,social
2,2,11:29:46 AM,,",2","6,",y,y,NA,mount,,B,L,social
2,2,11:49:55 AM,,",0","0,",y,y,NA,mount,,A,M,isolated
2,2,12:06:53 PM,,",3","5,",y,y,NA,mount,,C,K,social
2,2,12:15:34 PM,,",3","9,",y,y,NA,mount,,C,N,isolated
2,2,12:16:05 PM,,",3","4,",y,y,NA,mount,,C,O,isolated
2,2,12:16:26 PM,,",3","0,",y,y,NA,mount,,C,M,isolated
2,2,12:17:18 PM,,",3","9,",y,y,NA,mount,,C,N,isolated
2,2,12:20:39 PM,,",3","9,",y,y,NA,mount,,C,N,isolated
2,2,12:22:00 PM,,",3","5,",y,y,NA,mount,,C,K,social
2,2,12:22:25 PM,,",3","1,",y,y,NA,mount,,C,J,social
2,2,12:25:36 PM,,",3","5,",y,y,NA,mount,,C,K,social
2,2,12:25:53 PM,,",3","0,",y,y,NA,mount,,C,M,isolated
2,2,12:33:19 PM,,",3","5,",y,y,NA,mount,,C,K,social
2,2,12:38:16 PM,,",8","5,",y,y,NA,mount,,G,K,social
2,2,12:38:58 PM,,",4","5,",y,y,NA,mount,,D,K,social
2,2,12:41:17 PM,,",3","9,",y,y,NA,mount,,C,N,isolated
2,2,12:41:36 PM,,",3","5,",y,y,NA,mount,,C,K,social
2,2,12:42:18 PM,,",3","7,",y,y,NA,mount,,C,I,social
2,2,12:45:49 PM,,",3","9,",y,y,NA,mount,,C,N,isolated
2,2,12:48:29 PM,,",3","1,",y,y,NA,mount,,C,J,social
2,2,12:52:55 PM,,",3","5,",y,y,NA,mount,,C,K,social
2,2,1:03:15 PM,,",3","7,",y,y,NA,mount,,C,I,social
2,2,1:07:06 PM,,",3","5,",y,y,NA,mount,,C,K,social
2,2,1:09:32 PM,,",5","8,",y,y,NA,mount,,E,P,isolated
2,2,1:11:07 PM,,",5","8,",y,y,NA,mount,,E,P,isolated
2,2,1:12:28 PM,,",3","5,",y,y,NA,mount,,C,K,social
2,2,1:16:22 PM,,",3","7,",y,y,NA,mount,,C,I,social
2,2,1:17:50 PM,,",3","9,",y,y,NA,mount,,C,N,isolated
2,2,1:20:53 PM,,",3","9,",y,y,NA,mount,,C,N,isolated
2,2,1:22:19 PM,,",4","5,",y,y,NA,mount,,D,K,social
2,2,1:23:39 PM,,",3","4,",y,y,NA,mount,,C,O,isolated
2,2,1:27:00 PM,,",0","5,",y,y,NA,mount,,A,K,social
2,2,1:27:54 PM,,",3","7,",y,y,NA,mount,,C,I,social
2,2,1:52:07 PM,,",7","7,",y,y,NA,mount,,F,I,social
2,2,2:14:14 PM,,",3","6,",y,y,NA,mount,,C,L,social
2,2,2:15:45 PM,,",3","6,",y,y,NA,mount,,C,L,social
2,2,2:30:16 PM,,",3","1,",y,y,NA,mount,,C,J,social
2,2,2:30:43 PM,,",7","6,",y,y,NA,mount,,F,L,social
2,2,2:38:10 PM,,",3","6,",y,y,NA,mount,,C,L,social
2,2,2:38:21 PM,,",0","6,",y,y,NA,mount,,A,L,social
2,2,3:15:13 PM,,",5","9,",y,y,NA,mount,,E,N,isolated
2,2,3:16:28 PM,,",3","9,",y,y,NA,mount,,C,N,isolated
2,2,1:51:29 PM,,",3","4,",y,n,y,mount,,C,O,isolated
3,1,8:02:41 AM,,",1","5,",n,NA,y,mount,,B,J,social
3,1,8:04:27 AM,,",9","9,",y,y,NA,mount,,H,L,social
3,1,8:04:35 AM,,",4","1,",y,y,NA,mount,,D,N,isolated
3,1,8:04:43 AM,8:05:35 AM,",5","1,",y,NA,n,insemination,,E,N,isolated
3,1,8:05:59 AM,,",7","1,",y,y,NA,mount,,F,N,isolated
3,1,8:06:25 AM,,",8","0,",y,y,NA,mount,,G,M,isolated
3,1,8:06:35 AM,,",5","1,",y,y,NA,mount,,E,N,isolated
3,1,8:06:48 AM,,",6","9,",y,y,NA,mount,,C,L,social
3,1,8:08:00 AM,,",8","2,",y,y,NA,mount,,G,I,social
3,1,8:08:09 AM,,",8","2,",y,y,NA,mount,,G,I,social
3,1,8:08:58 AM,,",5","1,",y,n,y,mount,,E,N,isolated
3,1,8:11:01 AM,8:11:44 AM,",4","7,",n,NA,n,insemination,check footage for whether female avoided,D,P,isolated
3,1,8:13:00 AM,,",9","9,",y,y,NA,mount,,H,L,social
3,1,8:14:05 AM,8:17:23 AM,",9","7,",n,NA,n,insemination,,H,P,isolated
3,1,8:14:33 AM,,",5","5,",y,y,NA,mount,check footage,E,J,social
3,1,8:15:02 AM,,",8","9,",n,NA,y,mount,,G,L,social
3,1,8:15:59 AM,,",4","2,",y,y,NA,mount,,D,I,social
3,1,8:17:40 AM,,",8","9,",y,y,NA,mount,,G,L,social
3,1,8:17:56 AM,8:20:46 AM,",0","7,",y,n,n,insemination,check footage,A,P,isolated
3,1,8:19:43 AM,,",4","2,",y,y,NA,mount,,D,I,social
3,1,8:21:07 AM,,",5","5,",n,NA,y,mount,check footage; unclear if this was an insemination,E,J,social
3,1,8:21:18 AM,,",9","2,",y,y,NA,mount,,H,I,social
3,1,8:22:05 AM,,",0","7,",n,NA,y,mount,check footage,A,P,isolated
3,1,8:23:25 AM,,",5","5,",y,y,NA,mount,,E,J,social
3,1,8:24:17 AM,,",8","2,",y,y,NA,mount,,G,I,social
3,1,8:27:36 AM,,",4","5,",y,y,NA,mount,,D,J,social
3,1,8:28:52 AM,,",8","2,",y,y,NA,mount,,G,I,social
3,1,8:30:13 AM,,",8","7,",y,y,NA,mount,,G,P,isolated
3,1,8:32:02 AM,,",8","2,",n,NA,y,mount,,G,I,social
3,1,8:35:02 AM,,",8","2,",y,y,NA,mount,,G,I,social
3,1,8:36:00 AM,,",8","2,",y,y,NA,mount,,G,I,social
3,1,8:38:00 AM,,",6","2,",y,y,NA,mount,,C,I,social
3,1,8:47:14 AM,,",8","0,",n,NA,y,mount,,G,M,isolated
3,1,8:47:26 AM,,",5","1,",y,y,NA,mount,,E,N,isolated
3,1,8:49:59 AM,8:50:23 AM,",9","1,",n,NA,n,insemination,,H,N,isolated
3,1,8:51:03 AM,,",8","1,",y,y,NA,mount,,G,N,isolated
3,1,8:52:21 AM,,",9","1,",y,y,NA,mount,,H,N,isolated
3,1,8:52:42 AM,8:54:24 AM,",9","0,",n,NA,n,insemination,,H,M,isolated
3,1,8:54:38 AM,,",5","0,",n,NA,n,insemination,,E,M,isolated
3,1,9:01:33 AM,,",8","0,",y,y,NA,mount,,G,M,isolated
3,1,9:12:57 AM,,",8","4,",n,NA,y,mount,,G,O,isolated
3,1,9:14:56 AM,,",8","4,",y,y,NA,mount,,G,O,isolated
3,1,9:22:50 AM,,",6","5,",n,NA,y,mount,,C,J,social
3,1,9:28:06 AM,,",8","4,",y,y,NA,mount,,G,O,isolated
3,1,9:30:23 AM,,",6","5,",y,y,NA,mount,,C,J,social
3,1,9:35:39 AM,,",6","1,",n,NA,y,mount,,C,N,isolated
3,1,9:40:07 AM,,",8","5,",y,n,y,mount,,G,J,social
3,1,9:41:28 AM,,",8","4,",n,NA,y,mount,,G,O,isolated
3,1,9:46:24 AM,,",1","7,",y,y,NA,mount,,B,P,isolated
3,1,9:49:12 AM,,",8","4,",n,NA,y,mount,,G,O,isolated
3,1,9:54:50 AM,,",8","4,",n,NA,y,mount,,G,O,isolated
3,1,10:01:12 AM,,",8","5,",n,NA,y,mount,,G,J,social
3,1,10:03:16 AM,,",8","4,",n,NA,y,mount,,G,O,isolated
3,1,10:14:32 AM,,",8","5,",n,NA,y,mount,,G,J,social
3,1,10:21:55 AM,,",6","1,",y,n,y,mount,,C,N,isolated
3,1,10:29:22 AM,,",8","5,",y,y,NA,mount,,G,J,social
3,1,10:39:04 AM,,",6","4,",n,NA,y,mount,,C,O,isolated
3,1,11:01:18 AM,,",0","7,",y,y,NA,mount,,A,P,isolated
3,1,11:09:54 AM,,",6","4,",y,y,NA,mount,,C,O,isolated
3,1,11:12:00 AM,,",1","4,",y,y,NA,mount,,B,O,isolated
3,1,11:12:29 AM,,",8","7,",y,y,NA,mount,,G,P,isolated
3,1,11:20:28 AM,,",1","4,",y,y,NA,mount,,B,O,isolated
3,1,11:26:44 AM,,",1","4,",y,y,NA,mount,,B,O,isolated
3,1,11:33:02 AM,,",1","4,",y,y,NA,mount,,B,O,isolated
3,1,11:37:31 AM,,",8","7,",y,y,NA,mount,,G,P,isolated
3,1,11:45:12 AM,,",8","6,",y,n,y,mount,,G,K,social
3,1,11:50:11 AM,,",8","6,",y,n,y,mount,,G,K,social
3,1,11:50:38 AM,,",8","5,",y,n,y,mount,,G,J,social
3,1,11:52:31 AM,,",8","6,",y,n,y,mount,,G,K,social
3,1,11:53:38 AM,,",8","6,",y,y,NA,mount,,G,K,social
3,1,11:53:46 AM,,",8","6,",y,n,y,mount,,G,K,social
3,1,11:54:53 AM,,",8","7,",y,n,y,mount,,G,P,isolated
3,1,11:55:59 AM,,",8","6,",n,NA,y,mount,,G,K,social
3,1,11:57:36 AM,,",8","6,",n,NA,y,mount,,G,K,social
3,1,12:03:19 PM,,",8","6,",n,NA,y,mount,,G,K,social
3,1,11:58:53 AM,,",8","7,",y,n,y,mount,,G,P,isolated
3,1,12:01:34 PM,,",8","7,",y,n,y,mount,,G,P,isolated
3,1,12:02:04 PM,,",8","6,",y,n,y,mount,,G,K,social
3,1,12:03:25 PM,,",8","6,",n,NA,y,mount,,G,K,social
3,1,12:04:05 PM,,",8","6,",n,NA,y,mount,,G,K,social
3,1,12:06:24 PM,,",8","6,",n,NA,y,mount,,G,K,social
3,1,12:07:43 PM,,",8","6,",n,NA,y,mount,,G,K,social
3,1,12:10:53 PM,,",8","6,",n,NA,y,mount,,G,K,social
3,1,12:11:08 PM,,",8","6,",n,NA,y,mount,,G,K,social
3,1,12:11:26 PM,,",8","6,",n,NA,y,mount,,G,K,social
3,1,12:29:53 PM,,",0","4,",y,y,NA,mount,,A,O,isolated
3,1,12:33:49 PM,,",1","7,",y,y,NA,mount,,B,P,isolated
3,1,12:51:00 PM,12:51:50 PM,",9","5,",y,n,n,insemination,,H,J,social
3,1,1:14:22 PM,,",8","7,",n,NA,y,mount,,G,P,isolated
3,1,1:15:40 PM,,",8","7,",y,y,NA,mount,,G,P,isolated
3,1,1:18:19 PM,,",6","4,",y,y,NA,mount,Did not initailly avoid but quikcly pressed herself agianst wall while male on top,C,O,isolated
3,1,1:29:54 PM,,",1","1,",y,y,NA,mount,,B,N,isolated
3,1,2:00:31 PM,,",1","4,",n,NA,y,mount,,B,O,isolated
3,1,2:05:11 PM,,",4","4,",y,y,NA,mount,,D,O,isolated
3,1,2:07:04 PM,,",4","1,",y,y,NA,mount,,D,N,isolated
3,1,2:07:54 PM,,",4","4,",y,y,NA,mount,,D,O,isolated
3,1,2:08:21 PM,,",4","4,",y,y,NA,mount,,D,O,isolated
3,1,2:10:10 PM,,",4","4,",y,y,NA,mount,,D,O,isolated
3,1,2:15:20 PM,,",4","4,",y,y,NA,mount,,D,O,isolated
3,1,2:17:41 PM,,",7","7,",y,y,NA,mount,,F,P,isolated
3,1,2:18:12 PM,,",4","1,",y,y,NA,mount,,D,N,isolated
3,1,2:21:28 PM,,",4","7,",n,NA,y,mount,,D,P,isolated
3,1,2:22:17 PM,,",4","7,",y,y,NA,mount,,D,P,isolated
3,1,2:33:28 PM,,",5","4,",n,NA,y,mount,,E,O,isolated
3,1,2:41:51 PM,,",5","4,",n,NA,y,mount,,E,O,isolated
3,1,2:42:10 PM,,",4","4,",n,NA,y,mount,,D,O,isolated
3,1,2:42:52 PM,,",5","4,",n,NA,y,mount,,E,O,isolated
3,1,2:43:30 PM,,",8","1,",y,y,NA,mount,,G,N,isolated
3,1,2:44:29 PM,,",8","4,",n,NA,y,mount,,G,O,isolated
3,1,2:45:47 PM,,",8","4,",n,NA,y,mount,,G,O,isolated
3,1,2:46:48 PM,,",5","1,",y,y,NA,mount,,E,N,isolated
3,1,2:51:24 PM,,",8","1,",n,NA,y,mount,,G,N,isolated
3,1,2:54:31 PM,,",8","1,",n,NA,y,mount,,G,N,isolated
3,1,2:55:42 PM,,",8","1,",n,NA,y,mount,,G,N,isolated
3,1,2:57:14 PM,,",8","4,",n,NA,y,mount,,G,O,isolated
3,1,2:58:52 PM,,",8","1,",y,y,NA,mount,,G,N,isolated
3,1,3:05:21 PM,,",8","4,",n,NA,y,mount,,G,O,isolated
3,1,3:06:25 PM,,",8","1,",n,NA,y,mount,,G,N,isolated
3,1,3:08:00 PM,,",8","1,",y,y,NA,mount,,G,N,isolated
3,1,3:09:11 PM,,",8","7,",y,y,NA,mount,,G,P,isolated
3,1,3:12:43 PM,,",8","1,",n,NA,y,mount,male mounted the bottom of upside down female,G,N,isolated
3,1,3:14:55 PM,,",8","7,",n,NA,y,mount,,G,P,isolated
3,1,3:15:54 PM,,",5","9,",n,NA,y,mount,,E,L,social
3,1,3:18:25 PM,,",8","4,",n,NA,y,mount,,G,O,isolated
3,1,3:28:15 PM,,",9","4,",y,y,NA,mount,,H,O,isolated
3,1,3:28:36 PM,,",8","4,",n,NA,y,mount,,G,O,isolated
3,1,3:31:54 PM,,",8","4,",y,y,NA,mount,,G,O,isolated
3,1,3:35:09 PM,,",9","1,",y,y,NA,mount,,H,N,isolated
3,1,3:38:11 PM,,",8","4,",y,y,NA,mount,,G,O,isolated
3,1,3:41:07 PM,,",9","4,",y,y,NA,mount,,H,O,isolated
3,1,3:41:43 PM,,",8","4,",n,NA,y,mount,,G,O,isolated
3,1,3:41:56 PM,,",9","1,",y,y,NA,mount,,H,N,isolated
3,1,3:42:24 PM,,",8","4,",y,y,NA,mount,,G,O,isolated
3,1,3:45:44 PM,,",0","1,",n,NA,y,mount,,A,N,isolated
3,1,3:46:37 PM,,",9","4,",y,y,NA,mount,,H,O,isolated
3,1,3:48:01 PM,,",0","4,",y,y,NA,mount,,A,O,isolated
3,1,3:48:18 PM,,",0","1,",y,y,NA,mount,,A,N,isolated
3,1,3:53:35 PM,,",0","4,",y,y,NA,mount,,A,O,isolated
3,1,3:58:08 PM,,",0","4,",y,y,NA,mount,,A,O,isolated
3,2,12:31:11 PM,,",8","4,",y,y,NA,mount,,G,O,isolated
3,2,12:40:45 PM,12:45:25 PM,",7","4,",y,n,n,insemination,Did not start insemination right away,F,O,isolated
3,2,12:47:32 PM,,",5","0,",y,y,NA,mount,,E,M,isolated
3,2,12:49:17 PM,12:50:55 PM,",7","4,",y,n,n,insemination,,F,O,isolated
3,2,12:54:11 PM,,",5","1,",y,y,NA,mount,,E,N,isolated
3,2,12:54:43 PM,1:02:24 PM,",7","4,",n,NA,n,insemination,"got back into position, very strange",F,O,isolated
3,2,1:00:09 PM,1:00:35 PM,",5","1,",NA,NA,NA,insemination,Started during break,E,N,isolated
3,2,1:02:13 PM,,",1","1,",y,y,NA,mount,,B,N,isolated
3,2,1:04:10 PM,1:04:36 PM,",7","4,",n,NA,n,insemination,back into position,F,O,isolated
3,2,1:05:26 PM,,",8","4,",n,NA,y,mount,,G,O,isolated
3,2,1:06:30 PM,,",5","0,",y,y,NA,mount,,E,M,isolated
3,2,1:07:30 PM,,",6","4,",y,y,NA,mount,,C,O,isolated
3,2,1:14:19 PM,,",6","4,",y,y,NA,mount,,C,O,isolated
3,2,1:17:45 PM,,",5","1,",y,y,NA,mount,,E,N,isolated
3,2,1:17:59 PM,1:18:40 PM,",4","1,",n,NA,n,insemination,,D,N,isolated
3,2,1:18:58 PM,,",6","4,",y,y,NA,mount,,C,O,isolated
3,2,1:24:58 PM,1:25:42 PM,",4","0,",n,NA,n,insemination,,D,M,isolated
3,2,1:27:24 PM,,",4","0,",y,y,NA,mount,,D,M,isolated
3,2,1:30:09 PM,1:30:52 PM,",1","0,",y,n,n,insemination,,B,M,isolated
3,2,1:31:46 PM,1:32:32 PM,",0","0,",y,n,n,insemination,,A,M,isolated
3,2,1:36:25 PM,,",6","4,",n,NA,y,mount,,C,O,isolated
3,2,1:38:25 PM,,",7","1,",y,y,NA,mount,,F,N,isolated
3,2,1:38:38 PM,1:39:09 PM,",1","7,",n,NA,n,insemination,,B,P,isolated
3,2,1:47:48 PM,,",4","4,",n,NA,y,mount,,D,O,isolated
3,2,1:54:24 PM,1:55:13 PM,",7","2,",n,NA,n,insemination,,F,I,social
3,2,2:08:55 PM,2:09:35 PM,",9","6,",y,n,n,insemination,,H,K,social
3,2,2:17:53 PM,,",8","4,",y,y,NA,mount,,G,O,isolated
3,2,2:28:11 PM,,",6","4,",y,y,NA,mount,,C,O,isolated
3,2,2:30:40 PM,,",8","1,",y,y,NA,mount,,G,N,isolated
3,2,2:32:59 PM,,",8","1,",y,y,NA,mount,,G,N,isolated
3,2,2:33:55 PM,,",6","1,",y,y,NA,mount,,C,N,isolated
3,2,2:46:38 PM,,",6","1,",y,y,NA,mount,,C,N,isolated
3,2,3:25:27 PM,,",6","2,",y,y,NA,mount,,C,I,social
4,1,2:21:15 PM,2:22:33 PM,",0","4,",n,n,n,insemination,,A,N,isolated
4,1,8:04:47 AM,8:06:26 AM,",9","4,",y,n,n,insemination,,H,N,isolated
4,1,8:32:42 AM,8:34:33 AM,",6","5,",y,n,n,insemination,,C,P,isolated
4,1,8:42:21 AM,8:43:43 AM,",9","2,",y,n,n,insemination,,H,O,isolated
4,1,1:40:26 PM,1:41:00 PM,",3","0,",y,n,n,insemination,,G,I,social
4,1,2:56:20 PM,2:56:52 PM,",3","9,",y,n,n,insemination,,G,J,social
4,1,3:27:32 PM,3:28:48 PM,",3","3,",y,n,n,insemination,,G,L,social
4,1,8:07:06 AM,8:08:34 AM,",6","3,",n,NA,n,insemination,,C,L,social
4,1,8:22:14 AM,,",0","4,",n,NA,y,mount,,A,N,isolated
4,1,8:30:43 AM,8:31:45 AM,",3","9,",n,NA,n,insemination,,G,J,social
4,1,8:35:05 AM,8:35:51 AM,",1","9,",n,NA,n,insemination,,B,J,social
4,1,8:44:07 AM,,",2","9,",n,NA,y,mount,,F,J,social
4,1,8:46:17 AM,,",9","0,",n,NA,y,mount,,H,I,social
4,1,8:47:45 AM,8:48:37 AM,",2","9,",n,NA,n,insemination,repositioned into mating position,F,J,social
4,1,8:49:07 AM,,",6","1,",n,NA,y,mount,,C,K,social
4,1,8:50:29 AM,,",9","0,",n,NA,y,mount,,H,I,social
4,1,8:52:13 AM,,",3","0,",n,NA,y,mount,,G,I,social
4,1,8:54:58 AM,,",3","0,",n,NA,y,mount,,G,I,social
4,1,9:14:35 AM,,",6","1,",n,NA,y,mount,,C,K,social
4,1,11:04:17 AM,,",6","1,",n,NA,n,insemination,,C,K,social
4,1,2:29:12 PM,,",3","1,",n,NA,y,mount,,G,K,social
4,1,2:29:18 PM,2:29:45 PM,",3","5,",n,NA,n,insemination,,G,P,isolated
4,1,3:36:14 PM,3:36:48 PM,",6","3,",n,NA,n,insemination,,C,L,social
4,1,8:04:17 AM,,",9","4,",y,y,NA,mount,,H,N,isolated
4,1,8:04:31 AM,,",0","8,",y,y,NA,mount,,A,M,isolated
4,1,8:08:39 AM,,",5","2,",y,y,NA,mount,,E,O,isolated
4,1,8:13:52 AM,,",0","5,",y,y,NA,mount,,A,P,isolated
4,1,8:14:59 AM,,",0","0,",y,y,NA,mount,,A,I,social
4,1,8:16:30 AM,,",0","0,",y,y,NA,mount,,A,I,social
4,1,8:20:06 AM,,",0","2,",y,y,NA,mount,,A,O,isolated
4,1,8:27:52 AM,,",6","8,",y,y,NA,mount,,C,M,isolated
4,1,8:29:12 AM,,",0","2,",y,y,NA,mount,,NA,O,isolated
4,1,8:31:17 AM,,",6","0,",y,y,NA,mount,,C,I,social
4,1,9:37:51 AM,,",6","1,",y,y,NA,mount,,C,K,social
4,1,1:00:57 PM,,",3","9,",y,y,NA,mount,,G,J,social
4,1,1:29:59 PM,,",4","3,",y,y,NA,mount,,D,L,social
4,1,2:27:58 PM,,",3","1,",y,y,NA,mount,,G,K,social
4,1,2:35:59 PM,,",3","5,",y,y,NA,mount,,G,P,isolated
4,1,3:10:26 PM,,",4","3,",y,y,NA,mount,,D,L,social
4,1,3:24:01 PM,,",4","3,",y,y,NA,mount,,D,L,social
4,1,3:24:56 PM,,",4","3,",y,y,NA,mount,,D,L,social
4,1,3:25:06 PM,,",4","3,",y,y,NA,mount,,D,L,social
4,1,3:32:11 PM,,",4","1,",y,y,NA,mount,,D,K,social
4,1,8:17:57 AM,8:18:45 AM,",0","0,",n,NA,n,insemination,checked,A,I,social
4,2,10:32:27 AM,10:32:55 AM,",0","9,",n,NA,y,mount,,A,J,social
4,2,9:24:30 AM,,",4","1,",y,n,y,mount,,D,K,social
4,2,10:57:08 AM,10:57:14 AM,",3","3,",y,n,y,mount,,G,L,social
4,2,10:56:31 AM,,",4","1,",y,n,y,mount,,D,K,social
4,2,1:17:58 PM,1:21:20 PM,",1","1,",y,n,n,insemination,,B,K,social
4,2,1:37:40 PM,1:38:19 PM,",9","8,",y,n,n,insemination,,H,M,isolated
4,2,2:50:06 PM,,",1","2,",y,n,y,mount,,B,O,isolated
4,2,8:19:05 AM,8:19:49 AM,",2","5,",n,NA,n,insemination,,F,P,isolated
4,2,10:36:04 AM,,",2","5,",n,NA,y,mount,Female right abdomen was touching wall may have been refusal position,F,P,isolated
4,2,11:31:30 AM,11:32:08 AM,",9","8,",n,NA,n,insemination,,H,M,isolated
4,2,12:23:29 PM,,",2","8,",n,NA,y,mount,,F,M,isolated
4,2,12:28:33 PM,12:30:40 PM,",1","1,",n,NA,n,insemination,,B,K,social
4,2,12:39:25 PM,12:40:20 PM,",5","1,",n,NA,n,insemination,,E,K,social
4,2,1:26:21 PM,1:26:48 PM,",0","4,",n,NA,n,insemination,,A,N,isolated
4,2,1:42:09 PM,,",6","3,",n,NA,y,mount,,C,L,social
4,2,2:10:36 PM,,",6","9,",n,NA,y,mount,,C,J,social
4,2,2:14:18 PM,2:15:04 PM,",2","2,",n,NA,n,insemination,,F,O,isolated
4,2,3:05:04 PM,,",2","8,",n,NA,y,mount,,F,M,isolated
4,2,8:28:56 AM,,",4","1,",y,y,n,insemination,,D,K,social
4,2,10:47:56 AM,,",4","2,",y,y,NA,mount,,D,O,isolated
4,2,10:49:09 AM,,",4","2,",y,y,NA,mount,,D,O,isolated
4,2,10:49:44 AM,,",1","3,",y,y,NA,mount,,B,L,social
4,2,10:52:14 AM,,",4","3,",y,y,NA,mount,,D,L,social
4,2,10:53:30 AM,,",5","3,",y,y,NA,mount,,E,L,social
4,2,10:53:50 AM,,",1","3,",y,y,NA,mount,,B,L,social
4,2,10:54:14 AM,,",4","3,",y,y,NA,mount,,D,L,social
4,2,11:06:01 AM,,",4","1,",y,y,NA,mount,"All 1, mounts were while she was in refusal position",D,K,social
4,2,11:20:26 AM,,",4","1,",y,y,NA,mount,,D,K,social
4,2,11:27:12 AM,,",1","1,",y,y,NA,mount,,B,K,social
4,2,12:18:54 PM,,",4","1,",y,y,NA,mount,,D,K,social
4,2,12:31:40 PM,,",6","8,",y,y,NA,mount,,C,M,isolated
4,2,12:33:08 PM,,",9","8,",y,y,NA,mount,,H,M,isolated
4,2,12:51:50 PM,,",3","5,",y,y,NA,mount,,G,P,isolated
4,2,12:53:37 PM,,",9","3,",y,y,NA,mount,,H,L,social
4,2,12:54:17 PM,,",4","1,",y,y,NA,mount,,D,K,social
4,2,1:06:23 PM,,",1","1,",y,y,NA,mount,,B,K,social
4,2,1:10:24 PM,,",0","4,",y,y,NA,mount,Refusal stance,A,N,isolated
4,2,1:26:04 PM,,",9","3,",y,y,NA,mount,,H,L,social
4,2,1:46:51 PM,,",2","4,",y,y,NA,mount,,F,N,isolated
4,2,1:48:59 PM,,",2","1,",y,y,NA,mount,,F,K,social
4,2,2:50:04 PM,,",4","2,",y,y,NA,mount,,D,O,isolated
4,2,3:12:25 PM,,",4","2,",y,y,NA,mount,,D,O,isolated
5,1,8:02:17 AM,,",5","9,",y,y,NA,mount,,E,L,social
5,1,8:02:32 AM,8:03:26 AM,",5","6,",n,NA,n,insemination,,E,K,social
5,1,8:03:28 AM,8:03:59 AM,",3","0,",n,NA,n,insemination,,D,M,isolated
5,1,8:07:58 AM,,",2","8,",y,y,NA,mount,,C,P,isolated
5,1,8:08:33 AM,8:09:20 AM,",2","8,",y,n,n,insemination,,C,P,isolated
5,1,8:09:53 AM,8:10:41 AM,",5","9,",n,NA,n,insemination,,E,L,social
5,1,8:10:16 AM,8:10:53 AM,",7","0,",n,NA,n,insemination,,G,M,isolated
5,1,8:10:32 AM,8:11:18 AM,",0","8,",n,NA,n,insemination,,A,P,isolated
5,1,8:13:53 AM,,",3","0,",y,y,NA,mount,check footage to see if this was a mount,D,M,isolated
5,1,8:16:49 AM,,",8","1,",n,NA,n,insemination,,H,N,isolated
5,1,8:21:15 AM,8:21:47 AM,",0","2,",n,NA,n,insemination,,A,O,isolated
5,1,8:25:26 AM,,",1","6,",y,y,NA,mount,"90% sure female is 6,",B,K,social
5,1,8:27:58 AM,,",0","2,",n,NA,y,mount,,A,O,isolated
5,1,8:42:26 AM,,",1","9,",y,y,NA,mount,,B,L,social
5,1,8:43:17 AM,8:43:54 AM,",6","0,",n,NA,n,insemination,,F,M,isolated
5,1,9:04:14 AM,,",1","6,",y,y,NA,mount,,B,K,social
5,1,9:11:41 AM,,",8","6,",y,y,NA,mount,,H,K,social
5,1,10:09:30 AM,,",2","9,",y,y,NA,mount,,C,L,social
5,1,10:09:56 AM,,",2","9,",y,y,NA,mount,,C,L,social
5,1,10:15:46 AM,,",2","9,",y,y,NA,mount,Lazy mount ran directly at her in the 3 instances,C,L,social
5,1,10:25:23 AM,10:25:37 AM,",2","9,",n,NA,y,mount,,C,L,social
5,1,10:29:06 AM,10:29:22 AM,",6","9,",n,NA,y,mount,,F,L,social
5,1,10:51:27 AM,,",1","4,",y,y,NA,mount,,B,I,social
5,1,10:53:30 AM,10:55:03 AM,",1","4,",n,n,n,insemination,,B,I,social
5,1,10:59:25 AM,,",6","9,",n,NA,y,mount,,F,L,social
5,1,11:22:13 AM,,",8","1,",y,y,NA,mount,,H,N,isolated
5,1,11:48:37 AM,11:49:01 AM,",2","2,",y,n,y,mount,,C,O,isolated
5,1,11:55:51 AM,,",6","2,",n,NA,y,mount,,F,O,isolated
5,1,12:05:26 PM,,",1","9,",n,NA,y,mount,,B,L,social
5,1,12:34:03 PM,12:35:09 PM,",0","8,",y,n,n,insemination,,A,P,isolated
5,1,12:39:12 PM,12:39:49 PM,",6","2,",n,NA,n,insemination,,F,O,isolated
5,1,12:39:26 PM,,",0","5,",n,NA,y,mount,,A,J,social
5,1,12:43:01 PM,,",2","2,",n,NA,y,mount,,C,O,isolated
5,1,12:44:43 PM,,",2","5,",n,NA,y,mount,,C,J,social
5,1,12:47:34 PM,,",2","5,",n,NA,y,mount,,C,J,social
5,1,12:50:18 PM,,",6","2,",y,y,NA,mount,,F,O,isolated
5,1,12:52:33 PM,,",6","9,",n,NA,y,mount,,F,L,social
5,1,12:59:40 PM,1:00:13 PM,",1","5,",n,NA,n,insemination,,B,J,social
5,1,1:06:27 PM,,",3","5,",n,NA,y,mount,,D,J,social
5,1,1:08:34 PM,,",1","5,",n,NA,y,mount,,B,J,social
5,1,1:11:30 PM,1:12:08 PM,",3","5,",n,NA,n,insemination,,D,J,social
5,1,1:16:28 PM,,",5","9,",y,y,NA,mount,,E,L,social
5,1,1:21:50 PM,,",6","5,",n,NA,y,mount,,F,J,social
5,1,1:23:28 PM,,",7","9,",n,NA,y,mount,,G,L,social
5,1,1:25:16 PM,,",3","2,",n,NA,y,mount,,D,O,isolated
5,1,1:46:05 PM,,",6","5,",n,NA,y,mount,,F,J,social
5,1,2:23:45 PM,,",2","2,",y,y,NA,mount,,C,O,isolated
5,1,3:13:35 PM,3:14:07 PM,",1","5,",y,n,n,insemination,,B,J,social
5,2,8:09:17 AM,8:09:59 AM,",0","6,",n,NA,n,insemination,,A,K,social
5,2,8:10:53 AM,,",3","1,",n,NA,y,mount,,D,N,isolated
5,2,8:12:09 AM,8:12:48 AM,",5","9,",y,n,n,insemination,,E,L,social
5,2,8:19:47 AM,,",0","6,",y,n,y,mount,,A,K,social
5,2,9:16:32 AM,,",0","1,",y,y,NA,mount,female pressed against wall,A,N,isolated
5,2,9:30:37 AM,9:30:54 AM,",7","9,",n,NA,y,mount,,G,L,social
5,2,9:34:27 AM,,",0","6,",y,y,NA,mount,,A,K,social
5,2,9:36:50 AM,9:37:20 AM,",8","2,",y,n,n,insemination,,H,O,isolated
5,2,9:42:19 AM,,",0","8,",y,y,NA,mount,,A,P,isolated
5,2,9:43:11 AM,,",8","8,",y,n,y,mount,,H,P,isolated
5,2,9:49:33 AM,,",0","1,",y,y,NA,mount,,A,N,isolated
5,2,9:50:50 AM,,",3","2,",n,NA,y,mount,,D,O,isolated
5,2,9:52:55 AM,,",8","1,",n,NA,y,mount,,H,N,isolated
5,2,10:04:06 AM,10:04:25 AM,",2","2,",n,NA,y,mount,,C,O,isolated
5,2,10:36:58 AM,10:37:15 AM,",7","9,",n,NA,y,mount,,G,L,social
5,2,10:42:50 AM,10:42:54 AM,",5","9,",n,NA,y,mount,,E,L,social
5,2,10:43:25 AM,,",6","5,",y,y,NA,mount,,F,J,social
5,2,10:47:20 AM,,",6","5,",y,y,NA,mount,,F,J,social
5,2,11:29:31 AM,11:30:01 AM,",3","0,",y,n,n,insemination,Not sure if met time requirments may be male abort,D,M,isolated
5,2,11:36:34 AM,,",3","1,",n,NA,y,mount,,D,N,isolated
5,2,11:58:05 AM,,",1","0,",y,n,y,mount,,B,M,isolated
5,2,12:14:54 PM,,",1","6,",y,n,y,mount,,B,K,social
5,2,12:15:18 PM,,",3","6,",y,y,NA,mount,,D,K,social
5,2,12:16:33 PM,,",8","6,",n,NA,y,mount,,H,K,social
5,2,12:20:30 PM,,",8","1,",y,n,y,mount,,H,N,isolated
5,2,12:22:10 PM,,",1","4,",y,y,NA,mount,,B,I,social
5,2,12:26:03 PM,,",3","1,",n,NA,y,mount,,D,N,isolated
5,2,12:30:47 PM,,",1","4,",y,n,y,mount,,B,I,social
5,2,12:39:40 PM,,",2","8,",y,y,NA,mount,,C,P,isolated
5,2,12:39:41 PM,,",0","8,",y,y,NA,mount,,A,P,isolated
5,2,12:48:15 PM,,",2","6,",y,y,NA,mount,,C,K,social
5,2,12:53:00 PM,,",7","1,",y,y,NA,mount,,G,N,isolated
5,2,1:03:34 PM,1:04:35 PM,",8","2,",n,NA,n,insemination,,H,O,isolated
5,2,1:05:05 PM,,",6","2,",y,y,NA,mount,,F,O,isolated
5,2,1:29:19 PM,,",1","1,",n,NA,y,mount,,B,N,isolated
5,2,1:32:13 PM,,",7","9,",y,y,NA,mount,,G,L,social
5,2,2:06:40 PM,,",6","2,",n,NA,n,insemination,,F,O,isolated
5,2,2:11:42 PM,,",8","8,",n,NA,y,mount,,H,P,isolated
5,2,2:17:20 PM,,",6","1,",y,n,y,mount,,F,N,isolated
5,2,2:26:28 PM,,",6","9,",n,NA,y,mount,,F,L,social
6,1,8:01:31 AM,8:02:37 AM,",0","7,",n,NA,n,insemination,,A,N,isolated
6,1,8:08:06 AM,8:08:28 AM,",2","7,",n,NA,n,insemination,,C,N,isolated
6,1,8:14:33 AM,8:15:21 AM,",6","0,",n,NA,n,insemination,,G,M,isolated
6,1,9:06:42 AM,9:07:09 AM,",6","3,",n,NA,n,insemination,,G,J,social
6,1,10:30:19 AM,10:32:20 AM,",4","6,",n,NA,n,insemination,,E,O,isolated
6,1,12:22:09 PM,12:23:09 PM,",7","9,",n,NA,n,insemination,,H,P,isolated
6,1,2:13:33 PM,2:14:17 PM,",4","7,",n,NA,n,insemination,,E,N,isolated
6,1,3:46:04 PM,3:46:39 PM,",0","0,",n,NA,n,insemination,,A,M,isolated
6,1,8:14:12 AM,,",0","8,",n,NA,y,mount,,A,L,social
6,1,8:29:03 AM,,",5","8,",n,NA,y,mount,,F,L,social
6,1,8:31:53 AM,,",2","0,",n,NA,y,mount,,C,M,isolated
6,1,10:06:47 AM,,",4","8,",n,NA,y,mount,,E,L,social
6,1,10:10:08 AM,,",4","8,",n,NA,y,mount,,E,L,social
6,1,11:04:48 AM,,",4","6,",n,NA,y,mount,,E,O,isolated
6,1,11:16:41 AM,,",4","8,",n,NA,y,mount,,E,L,social
6,1,11:19:10 AM,,",4","6,",n,NA,y,mount,,E,O,isolated
6,1,11:31:20 AM,,",4","6,",n,NA,y,mount,,E,O,isolated
6,1,11:47:51 AM,,",4","6,",n,NA,y,mount,,E,O,isolated
6,1,12:00:00 PM,,",4","8,",n,NA,y,mount,,E,L,social
6,1,12:31:47 PM,,",4","8,",n,NA,y,mount,,E,L,social
6,1,12:54:01 PM,,",4","8,",n,NA,y,mount,,E,L,social
6,1,1:13:31 PM,,",4","8,",n,NA,y,mount,,E,L,social
6,1,1:31:49 PM,,",0","6,",n,NA,y,mount,,A,O,isolated
6,1,1:36:17 PM,,",0","4,",n,NA,y,mount,,A,I,social
6,1,1:47:25 PM,,",6","0,",n,NA,y,mount,,G,M,isolated
6,1,1:56:33 PM,,",1","9,",n,NA,y,mount,,B,P,isolated
6,1,3:05:56 PM,,",1","9,",n,NA,y,mount,,B,P,isolated
6,1,3:27:24 PM,,",1","5,",n,NA,y,mount,,B,K,social
6,1,8:30:43 AM,,",6","7,",y,n,y,mount,,G,N,isolated
6,1,11:21:06 AM,,",4","6,",y,n,y,mount,,E,O,isolated
6,1,11:24:37 AM,,",4","6,",y,n,y,mount,,E,O,isolated
6,1,1:07:21 PM,,",4","6,",y,n,y,mount,,E,O,isolated
6,1,1:23:09 PM,,",0","5,",y,n,y,mount,,A,K,social
6,1,1:24:48 PM,,",0","4,",y,n,y,mount,,A,I,social
6,1,1:29:36 PM,,",0","5,",y,n,y,mount,,A,K,social
6,1,1:55:01 PM,,",7","9,",y,n,y,mount,,H,P,isolated
6,1,2:24:53 PM,,",7","7,",y,n,y,mount,,H,N,isolated
6,1,8:07:42 AM,,",3","7,",y,y,NA,mount,,D,N,isolated
6,1,no time,,",6","4,",y,y,NA,mount,,G,I,social
6,1,8:11:21 AM,,",6","4,",y,y,NA,mount,check footage for what happened,G,I,social
6,1,8:35:09 AM,,",1","3,",y,y,NA,mount,get female ID later,B,J,social
6,1,8:45:16 AM,,",4","9,",y,y,NA,mount,,E,P,isolated
6,1,8:51:45 AM,,",1","6,",y,y,NA,mount,,B,O,isolated
6,1,9:00:20 AM,,",5","6,",y,y,NA,mount,,F,O,isolated
6,1,9:14:21 AM,,",7","9,",y,y,NA,mount,,H,P,isolated
6,1,1:44:58 PM,,",1","5,",y,y,NA,mount,,B,K,social
6,1,1:46:50 PM,,",7","7,",y,y,NA,mount,,H,N,isolated
6,1,1:53:38 PM,,",7","4,",y,y,NA,mount,,H,I,social
6,1,2:20:39 PM,,",4","9,",y,y,NA,mount,,E,P,isolated
6,1,2:24:03 PM,,",7","4,",y,y,NA,mount,,H,I,social
6,1,2:44:05 PM,,",7","7,",y,y,NA,mount,,H,N,isolated
6,1,3:47:33 PM,,",7","7,",y,y,NA,mount,,H,N,isolated
6,2,11:01:30 AM,11:02:27 AM,",6","7,",n,NA,n,insemination,,G,N,isolated
6,2,11:39:06 AM,11:39:59 AM,",2","5,",n,NA,n,insemination,,C,K,social
6,2,2:43:19 PM,2:43:57 PM,",0","8,",n,NA,n,insemination,,A,L,social
6,2,3:49:58 PM,3:50:28 PM,",1","8,",n,NA,n,insemination,,B,L,social
6,2,10:36:43 AM,,",6","5,",n,NA,y,mount,,G,K,social
6,2,11:56:19 AM,,",5","8,",n,NA,y,mount,,F,L,social
6,2,12:00:32 PM,,",5","9,",n,NA,y,mount,,F,P,isolated
6,2,12:02:17 PM,,",5","8,",n,NA,y,mount,,F,L,social
6,2,12:04:37 PM,,",5","9,",n,NA,y,mount,,F,P,isolated
6,2,12:09:49 PM,,",5","4,",n,NA,y,mount,,F,I,social
6,2,12:10:07 PM,,",5","4,",n,NA,y,mount,,F,I,social
6,2,12:11:27 PM,,",5","4,",n,NA,y,mount,,F,I,social
6,2,12:12:45 PM,,",5","8,",n,NA,y,mount,,F,L,social
6,2,12:14:19 PM,,",5","6,",n,NA,y,mount,,F,O,isolated
6,2,12:20:41 PM,,",5","4,",n,NA,y,mount,,F,I,social
6,2,12:22:15 PM,,",5","9,",n,NA,y,mount,,F,P,isolated
6,2,12:23:10 PM,,",5","9,",n,NA,y,mount,,F,P,isolated
6,2,12:25:27 PM,,",5","9,",n,NA,y,mount,,F,P,isolated
6,2,12:25:47 PM,,",5","8,",n,NA,y,mount,,F,L,social
6,2,12:27:23 PM,,",5","7,",n,NA,y,mount,,F,N,isolated
6,2,12:36:29 PM,,",5","4,",n,NA,y,mount,,F,I,social
6,2,12:38:20 PM,,",5","9,",n,NA,y,mount,,F,P,isolated
6,2,12:46:18 PM,,",5","7,",n,NA,y,mount,,F,N,isolated
6,2,1:09:04 PM,,",5","5,",n,NA,y,mount,,F,K,social
6,2,2:09:09 PM,,",7","0,",n,NA,y,mount,,H,M,isolated
6,2,2:49:34 PM,,",7","0,",n,NA,y,mount,,H,M,isolated
6,2,9:03:09 AM,9:04:43 AM,",6","5,",y,n,n,insemination,,G,K,social
6,2,11:37:00 AM,11:37:54 AM,",0","5,",y,n,n,insemination,,A,K,social
6,2,10:39:10 AM,,",6","5,",y,n,y,mount,,G,K,social
6,2,11:42:54 AM,,",4","5,",y,n,y,mount,,E,K,social
6,2,12:14:56 PM,,",5","6,",y,n,y,mount,,F,O,isolated
6,2,12:35:57 PM,,",5","5,",y,n,y,mount,,F,K,social
6,2,2:13:48 PM,,",6","9,",y,n,y,mount,,G,P,isolated
6,2,2:34:41 PM,2:35:05 PM,",7","3,",y,n,y,mount,,H,J,social
6,2,3:15:22 PM,3:15:44 PM,",7","5,",y,n,y,mount,,H,K,social
6,2,3:17:22 PM,,",3","8,",y,n,y,mount,,D,L,social
6,2,11:27:00 AM,,",0","5,",y,y,NA,mount,,A,K,social
6,2,11:27:03 AM,,",0","5,",y,y,NA,mount,,A,K,social
6,2,11:38:39 AM,,",4","5,",y,y,NA,mount,,E,K,social
6,2,11:41:30 AM,,",3","5,",y,y,NA,mount,,D,K,social
6,2,12:07:50 PM,,",0","6,",y,y,NA,mount,,A,O,isolated
6,2,12:14:53 PM,,",5","6,",y,y,NA,mount,,F,O,isolated
6,2,12:16:14 PM,,",5","7,",y,y,NA,mount,,F,N,isolated
6,2,12:23:49 PM,,",5","8,",y,y,NA,mount,,F,L,social
6,2,12:38:30 PM,,",5","8,",y,y,NA,mount,,F,L,social
6,2,1:00:48 PM,,",5","4,",y,y,NA,mount,,F,I,social
6,2,2:38:56 PM,,",7","8,",y,y,NA,mount,,H,L,social
6,2,2:41:53 PM,,",7","0,",y,y,NA,mount,,H,M,isolated
6,2,3:18:47 PM,,",3","8,",y,y,NA,mount,,D,L,social
6,2,3:22:09 PM,,",0","7,",y,y,NA,mount,,A,N,isolated
6,2,3:26:33 PM,,",0","8,",y,y,NA,mount,,A,L,social
6,2,3:39:39 PM,,",0","8,",y,y,NA,mount,,A,L,social
6,2,3:44:22 PM,,",6","0,",y,y,NA,mount,,G,M,isolated
